aksara,filename,brightness,contrast
ba,ba_0212.png,254.02847985347987,12.567647512144859
ba,ba_2666.png,242.3621053890306,52.40305787711423
ba,ba_0219.png,252.80563180827886,19.19644543404699
ba,ba_2745.png,241.30656090561226,54.230672592285444
ba,ba_0216.png,253.27452069716776,16.806600400915826
ba,ba_0163.png,253.08859477124184,17.93678820218608
ba,ba_0232.png,254.1470806100218,12.067185792828568
ba,ba_0207.png,253.25593253968253,17.05188262087457
ba,ba_2708.png,242.3454041772959,54.629576978113455
ba,ba_0166.png,253.6559490084986,14.796898043520361
ba,ba_0215.png,253.3672222222222,16.414941375008098
ba,ba_2674.png,241.67560188137756,53.61392153486447
ba,ba_0227.png,253.50831154684096,15.822113554244826
ba,ba_0158.png,253.20627450980393,17.284910991797474
ba,ba_0192.png,252.45678649237473,20.408045684758495
ba,ba_0195.png,253.40454248366012,16.485825926838643
ba,ba_0191.png,253.802,14.176500498020323
ba,ba_2676.png,241.67297114158163,53.6254230840738
ba,ba_0214.png,253.42041548630783,16.342358299944475
ba,ba_0234.png,253.23184095860566,16.754162728234473
ba,ba_0186.png,253.4739282341832,16.02873276316506
ba,ba_2712.png,243.37153220663265,50.24178067468153
ba,ba_0159.png,253.05049019607844,17.90710323209582
ba,ba_0217.png,252.35282135076253,21.02854152072325
ba,ba_2741.png,241.3084941007653,54.21817414632262
ba,ba_0196.png,253.7142156862745,14.450269105352186
ba,ba_0168.png,253.0931917211329,18.42390158803966
ba,ba_0222.png,253.13857412653448,17.586758213061728
ba,ba_0177.png,237.1578076923077,64.20458452209878
ba,ba_2678.png,241.2364875637755,54.45936084264883
ba,ba_0229.png,253.2019246031746,17.15980272699066
ba,ba_0220.png,244.13281045751634,50.689608537351674
ba,ba_0181.png,252.86425997425997,18.61537377884147
ba,ba_2699.png,242.34618144132654,46.75520466762734
ba,ba_2729.png,241.14885602678572,48.73969205073922
ba,ba_0199.png,253.06562091503267,17.31280920997012
ba,ba_0204.png,253.2024074074074,17.189103323660948
ba,ba_2711.png,241.6047911352041,56.060778853898725
ba,ba_0170.png,253.59446623093683,15.095435252281778
ba,ba_0165.png,252.7741394335512,18.92232287296311
ba,ba_0189.png,253.7167320261438,14.777850962866534
ba,ba_0228.png,253.4143059490085,16.414248896076653
ba,ba_0167.png,253.6338888888889,15.15790035085591
ba,ba_0206.png,252.5315468409586,19.70668484181897
ba,ba_2683.png,239.70364317602042,57.13066366382062
ba,ba_0198.png,253.3274074074074,16.574417067323996
ba,ba_0172.png,252.87435729847493,18.719486089241943
ba,ba_2688.png,241.2370057397959,48.63079550571942
ba,ba_0231.png,238.4024291938998,62.229269505641575
ba,ba_2696.png,239.7043008609694,57.134564080117414
ba,ba_2652.png,240.69897959183675,57.697188052476605
ba,ba_0202.png,253.25995642701525,17.033475435187956
ba,ba_4086.png,241.9525071747449,53.049541214178895
ba,ba_2744.png,232.2609414859694,69.66114893898039
ba,ba_2704.png,243.37151227678572,50.23182934833743
ba,ba_0161.png,253.08050108932463,17.661422670025807
ba,ba_4092.png,240.49613360969389,55.700901131281
ba,ba_2668.png,242.3631816007653,52.41815222031837
ba,ba_2701.png,242.34829400510205,52.337255196736834
ba,ba_2760.png,241.00408561862244,55.015389153717855
ba,ba_2691.png,239.70320471938774,51.01544800549842
ba,ba_2660.png,239.67231345663265,57.215683952494565
ba,ba_0203.png,253.3195054945055,16.673215687658626
ba,ba_4078.png,243.59528459821428,44.49588853889482
ba,ba_2670.png,238.02752311862244,59.970659909953795
ba,ba_2746.png,241.30759725765307,48.48672008449411
ba,ba_0180.png,253.31079320113315,16.638833566932913
ba,ba_0205.png,253.30694989106755,16.652053975113155
ba,ba_2728.png,243.37065529336735,44.92412168358169
ba,ba_2710.png,241.60558832908163,53.7286232766507
ba,ba_2736.png,232.26257573341837,69.6497909730355
ba,ba_4072.png,243.59510522959184,51.98459159242302
ba,ba_2748.png,241.0049426020408,57.28720968609969
ba,ba_4076.png,243.59618144132654,49.8167208133949
ba,ba_4083.png,243.59500558035714,49.81287711196617
ba,ba_0160.png,253.52152505446622,15.605474106065484
ba,ba_2664.png,239.6720344387755,59.71578374749757
ba,ba_4070.png,245.10405373086735,46.488016918186915
ba,ba_2754.png,239.26711973852042,57.85958693204678
ba,ba_0224.png,253.2176034858388,17.203540305697203
ba,ba_2687.png,239.32322225765307,51.57483347806879
ba,ba_0182.png,236.0941394335512,66.05186979775912
ba,ba_2700.png,243.36971859056123,50.23483324933545
ba,ba_2706.png,242.34458705357142,52.359023260958494
ba,ba_0194.png,252.97872300469484,17.858547429831898
ba,ba_2749.png,239.26867426658163,52.02320562052246
ba,ba_2735.png,232.26108099489795,64.88196084008173
ba,ba_2739.png,241.14754065688774,54.56806980093036
ba,ba_0187.png,252.7050762527233,19.88796321862726
ba,ba_2689.png,239.32302295918367,60.32557957399372
ba,ba_2707.png,241.6038145727041,53.70878989999439
ba,ba_0213.png,253.43272331154685,16.20711485386608
ba,ba_2752.png,239.2666613520408,57.875540999599195
ba,ba_2726.png,244.6554727359694,47.51426870920689
ba,ba_2692.png,239.3253946109694,57.81556567336854
ba,ba_2655.png,240.69953762755102,55.33773173303763
ba,ba_2653.png,239.67243303571428,51.055746942592585
ba,ba_0226.png,253.66152505446624,14.994173489486325
ba,ba_2682.png,239.3242785395408,57.816051094723875
ba,ba_2702.png,242.34616151147958,52.36636724293561
ba,ba_4085.png,245.1012635522959,46.508339888744764
ba,ba_0164.png,253.47660130718955,15.854602755541785
ba,ba_2761.png,242.36218510841837,54.6049670602881
ba,ba_0211.png,253.1832788671024,17.04685882457464
ba,ba_2722.png,240.833984375,55.2132181971374
ba,ba_4074.png,245.1018614477041,41.62415405286509
ba,ba_0179.png,253.06300653594772,17.709889649471883
ba,ba_2693.png,239.32284359056123,57.82078699167097
ba,ba_4073.png,243.59418845663265,49.82080390060455
ba,ba_2656.png,240.69973692602042,55.32257277355585
ba,ba_2690.png,241.60473134566325,53.699318260701524
ba,ba_0233.png,252.71406318082788,19.179962266744482
ba,ba_2681.png,239.32202646683675,57.817050754487674
ba,ba_2675.png,238.02975526147958,59.97641147436654
ba,ba_2665.png,242.36264349489795,47.07332520663251
ba,ba_4089.png,240.49451929209184,58.17029288037297
ba,ba_0197.png,253.3199019607843,16.56025126605106
ba,ba_2680.png,241.23547114158163,54.44425987744678
ba,ba_2714.png,244.65822305484693,47.49598236465683
ba,ba_2719.png,244.6570671237245,47.518994203878485
ba,ba_4084.png,241.9523477359694,47.368674835767585
ba,ba_2651.png,238.0286192602041,62.64984825029414
ba,ba_4087.png,240.4960339604592,55.718057909938175
ba,ba_2650.png,240.69933832908163,55.30262043853179
ba,ba_0190.png,253.76119825708062,14.516583930859776
ba,ba_4088.png,240.49659199617346,49.667808601557184
ba,ba_2730.png,241.82820471938774,55.65133432838353
ba,ba_2695.png,241.23734454719389,54.433403214558645
ba,ba_0235.png,237.78471677559912,63.260159513501044
ba,ba_2663.png,241.6734693877551,53.630144185178565
ba,ba_2679.png,241.23580994897958,54.429647924601014
ba,ba_0178.png,253.25282341831917,16.92404263553326
ba,ba_2757.png,241.00671635841837,55.012901927814674
ba,ba_2713.png,244.6568678252551,49.555809813776385
ba,ba_4080.png,245.1013034119898,46.529860340168725
ba,ba_0193.png,252.88175381263616,19.25660326935052
ba,ba_0173.png,253.50454248366012,15.729895390480888
ba,ba_2657.png,239.67263233418367,57.22060709786837
ba,ba_2720.png,244.65559231505102,47.51513111803597
ba,ba_0183.png,253.57739651416122,15.605310286117378
ba,ba_2694.png,241.2364277742347,56.80914173378035
ba,ba_4081.png,241.95228794642858,53.062268968644375
ba,ba_4091.png,241.95190927933675,55.38201503401388
ba,ba_2697.png,243.3724290497449,50.2163994222332
ba,ba_2734.png,241.1475207270408,56.95683624662081
ba,ba_2685.png,239.7047193877551,57.12640896130365
ba,ba_0218.png,253.043125,17.96672948560695
ba,ba_2717.png,244.6573262117347,42.49627930209626
ba,ba_2753.png,239.26717952806123,57.86052235211837
ba,ba_2759.png,241.30662069515307,54.223317869210824
ba,ba_0223.png,253.7393650793651,14.229980576793613
ca,ca_0891.png,253.8682679738562,13.67859990916581
ca,ca_1589.png,241.23495296556123,54.38277293498003
ca,ca_1627.png,239.6826171875,57.247676372670114
ca,ca_0903.png,253.72174291938998,14.125006102581406
ca,ca_1660.png,244.37946428571428,50.18718608531454
ca,ca_1631.png,240.9141222895408,57.39215654730378
ca,ca_0915.png,237.46898692810458,63.68776228078014
ca,ca_0934.png,253.56225490196078,15.342582537634648
ca,ca_0888.png,253.61065359477124,15.55480016167183
ca,ca_0942.png,253.083779956427,17.745597093730574
ca,ca_0901.png,253.7590773809524,14.252050880750613
ca,ca_1638.png,239.6835339604592,57.22894774548774
ca,ca_1629.png,240.91481983418367,55.01434833205403
ca,ca_0892.png,253.33364923747277,16.606920250025023
ca,ca_0927.png,253.21630718954248,16.82725697232987
ca,ca_0943.png,253.0471677559913,18.069332631249626
ca,ca_0938.png,254.25652505446624,11.400050687639279
ca,ca_1583.png,240.4650031887755,58.190097637330716
ca,ca_1600.png,239.80311304209184,56.958062305892014
ca,ca_1674.png,241.79109534438774,53.3723563614818
ca,ca_0925.png,253.43968409586057,15.964348908295067
ca,ca_1584.png,241.77885841836735,53.39192139144517
ca,ca_1645.png,245.68708147321428,45.284981058303984
ca,ca_1614.png,244.37890625,48.08366694950962
ca,ca_1651.png,241.15477519132654,48.78515870118538
ca,ca_0924.png,253.7933805476865,13.796259281352306
ca,ca_0870.png,254.2162545787546,11.129408682413068
ca,ca_1661.png,242.84978874362244,45.964472345365785
ca,ca_0874.png,237.02229847494553,64.51025921644053
ca,ca_4000.png,241.54514110331633,53.81336769463453
ca,ca_1633.png,240.91368383290816,54.998168446406915
ca,ca_1634.png,239.68152104591837,57.229038441391054
ca,ca_0900.png,253.7686928104575,14.357751818758983
ca,ca_1667.png,241.79053730867346,53.372203315928026
ca,ca_0916.png,252.99812636165578,18.768209364880526
ca,ca_1643.png,244.46671715561226,47.96004445900694
ca,ca_1606.png,243.39363440688774,50.20652030621682
ca,ca_1676.png,242.84974888392858,53.53125395699214
ca,ca_4014.png,245.1676698022959,46.35939222689775
ca,ca_3999.png,245.16912468112244,48.3078888039446
ca,ca_0929.png,253.52320261437907,15.895030319939671
ca,ca_1613.png,243.3955078125,50.19329468864969
ca,ca_4005.png,244.38048070790816,48.10312318380977
ca,ca_4011.png,239.9795918367347,58.99783454895659
ca,ca_0913.png,253.8616339869281,13.760874279879328
ca,ca_4008.png,244.38107860331633,48.087212751563854
ca,ca_1625.png,232.13215481505102,71.56390954762979
ca,ca_1617.png,245.50546077806123,45.598283453625186
ca,ca_0894.png,253.35049019607843,16.0770550507894
ca,ca_0879.png,253.01455598455598,18.229773452189843
ca,ca_0876.png,253.9466468253968,13.261021571556983
ca,ca_1608.png,232.13293207908163,69.76267413729809
ca,ca_0917.png,169.90630718954247,10.743028923865538
ca,ca_1607.png,240.91394292091837,49.166383181224724
ca,ca_1678.png,238.2228555484694,59.53193144483451
ca,ca_0922.png,253.75547930283224,14.241747311738182
ca,ca_1665.png,243.38620057397958,44.9661442152148
ca,ca_0914.png,237.9183234126984,63.17220720743338
ca,ca_1640.png,244.46821189413265,47.94165755433516
ca,ca_0931.png,253.25858387799565,16.853453883359343
ca,ca_0904.png,253.42897603485838,15.991264950744698
ca,ca_0883.png,253.90934844192634,13.312346944167071
ca,ca_1592.png,241.23610889668367,48.615896754962385
ca,ca_1582.png,240.46536192602042,55.789840417644854
ca,ca_4012.png,239.9803691007653,56.562751871050345
ca,ca_1662.png,241.7913145727041,53.365830148749104
ca,ca_1585.png,241.7783203125,55.69355176967992
ca,ca_0871.png,253.55229847494553,15.47767628316987
ca,ca_1623.png,245.50418526785714,45.60789865084531
ca,ca_1636.png,243.39297672193877,50.19348510679361
ca,ca_0935.png,253.05983660130718,17.802258160581832
ca,ca_0872.png,253.89832244008716,5.507462694738919
ca,ca_0908.png,253.48487252124647,15.806394387982122
ca,ca_1597.png,240.46613919005102,49.89829748884059
ca,ca_0906.png,253.42407407407407,16.397899858986904
ca,ca_0875.png,253.47640522875818,16.038818954002675
ca,ca_0930.png,253.81304938271606,14.014266102974096
ca,ca_0905.png,253.22313725490196,17.135321105054263
ca,ca_0907.png,253.74467320261436,14.675162570201092
ca,ca_1632.png,244.4677136479592,42.9723627182806
ca,ca_0869.png,253.82610953729935,13.842228094927687
ca,ca_1610.png,240.91597576530611,55.005646697072734
ca,ca_4003.png,239.97891422193877,56.57363419475726
ca,ca_0918.png,253.5653205128205,15.311683653587147
ca,ca_0898.png,252.93096949891068,18.676970648669716
ca,ca_1619.png,245.50496253188774,45.61309399718162
ca,ca_0928.png,253.82039215686274,13.888467428591907
ca,ca_1639.png,244.4675143494898,49.98674749602118
ca,ca_0940.png,253.36066448801742,16.549063437179164
ca,ca_0910.png,252.18417211328975,21.82653668648254
ca,ca_0884.png,253.82455337690632,14.004934648805166
ca,ca_0877.png,253.40795206971677,16.155793862471715
ca,ca_4007.png,244.37964365433675,48.10998497875655
ca,ca_0946.png,253.82723323890463,13.82856695454815
ca,ca_0893.png,253.7872331154684,14.076524531609797
ca,ca_0878.png,238.28967261904762,62.31772522703463
ca,ca_1624.png,232.13195551658163,69.7673268601593
ca,ca_0897.png,242.22657952069716,55.07797375822039
ca,ca_1620.png,243.39399314413265,45.01022554010932
ca,ca_1626.png,240.9132453762755,55.030748477591004
ca,ca_1628.png,243.39475047831633,50.21607095574147
ca,ca_1687.png,238.22329400510205,59.56248732084616
ca,ca_0909.png,252.7352596789424,19.12787586069111
ca,ca_0937.png,253.6277450980392,15.050209334611765
ca,ca_1656.png,244.38002232142858,43.09471580993773
ca,ca_1668.png,242.8487922512755,51.321189704172625
ca,ca_1684.png,241.79133450255102,47.73509041228851
ca,ca_4002.png,245.1709980867347,46.32865769697869
ca,ca_4013.png,245.1695631377551,41.57125343146058
ca,ca_1673.png,241.79149394132654,53.36758737629381
ca,ca_1587.png,240.46647799744898,55.78013608188502
ca,ca_0923.png,253.6071459694989,15.189830086010627
ca,ca_4017.png,245.16898517219389,46.36918467004122
ca,ca_1621.png,245.50428491709184,47.61322624640149
ca,ca_1658.png,241.1545958227041,54.592324943764126
ca,ca_1681.png,241.23592952806123,54.38664457662108
ca,ca_4015.png,241.54567920918367,48.14855334523489
ca,ca_1615.png,245.5057597257653,45.6184770321881
ca,ca_0939.png,253.1471677559913,17.483689804778702
ca,ca_0933.png,253.43272331154685,16.033079400640244
ca,ca_1652.png,243.38727678571428,50.228293480763575
ca,ca_4001.png,241.54484215561226,56.16325317640619
ca,ca_1595.png,240.3726881377551,55.936013321764264
ca,ca_1657.png,245.6877989477041,45.27081174549511
ca,ca_0944.png,252.93402816901408,18.29944263547826
ca,ca_1596.png,239.80426897321428,56.959509974877456
ca,ca_1680.png,238.2218789859694,59.5430129624197
ca,ca_1602.png,240.3718112244898,55.94104877898184
ca,ca_1622.png,245.5045838647959,40.913718688813496
ca,ca_4020.png,239.98132573341837,56.55788357496836
ca,ca_1642.png,244.4678332270408,47.93664897661696
ca,ca_0902.png,253.4466339869281,15.69023347749971
ca,ca_1677.png,241.23738440688774,54.378227808973705
ca,ca_1598.png,238.2243502869898,53.23598578718315
ca,ca_0890.png,253.17807189542484,17.0915171083999
ca,ca_1644.png,244.46717554209184,47.93797310429729
ca,ca_0926.png,253.85239651416123,13.70088732268218
ca,ca_1588.png,241.77849968112244,47.816663201904305
ca,ca_0881.png,253.232574002574,16.90857624158131
ca,ca_0945.png,239.45782135076252,60.315203165902716
ca,ca_4016.png,241.54448341836735,53.82248144399575
ca,ca_1649.png,244.37743144132654,48.08998282977779
ca,ca_1612.png,232.13175621811226,69.77433987687985
ca,ca_1666.png,242.84835379464286,51.329357953931584
ca,ca_0889.png,253.49626361655774,15.850712415492698
ca,ca_4019.png,241.54458306760205,53.82550023918071
ca,ca_1611.png,244.3800821109694,48.08429659009983
da,da_1436.png,253.57563180827887,15.296306134313308
da,da_1450.png,253.89155773420478,13.639532068448359
da,da_2915.png,241.06698421556123,57.14815995659716
da,da_2918.png,242.70314492984693,51.5770591195164
da,da_2910.png,242.77716438137756,51.430470550823905
da,da_1477.png,253.78271010387158,14.193125303306383
da,da_1490.png,253.54971671388103,15.308408090872463
da,da_1495.png,253.70487252124647,14.336028059637515
da,da_1463.png,253.4416241737488,16.099223179237622
da,da_2921.png,242.09295280612244,52.85238246015604
da,da_1441.png,253.86389978213506,13.923534395548796
da,da_2956.png,244.76560507015307,49.318401969490665
da,da_2909.png,241.0663066007653,54.76694091550205
da,da_1486.png,238.88682051282052,61.23396669809307
da,da_1431.png,170.0496623093682,10.275298017152723
da,da_3804.png,242.45844626913265,46.66139839457173
da,da_1423.png,253.7283660130719,14.423571596228332
da,da_2879.png,239.14259805484693,58.1959807560477
da,da_2892.png,238.93118223852042,58.36163691595566
da,da_1478.png,254.014302832244,12.79596385012971
da,da_1430.png,253.64830972615675,14.819078777743655
da,da_1480.png,253.432251984127,15.975491319667073
da,da_1496.png,254.02759259259258,12.663544983393766
da,da_2914.png,241.06756218112244,54.75971525040798
da,da_2873.png,243.68381297831633,51.73715678617316
da,da_3797.png,241.98656728316325,52.863562695760955
da,da_2922.png,242.0938496492347,55.15772242896488
da,da_3801.png,242.45874521683675,52.10190849511832
da,da_2951.png,240.0549465880102,56.53330786186904
da,da_1491.png,253.07361538461538,17.822406417729837
da,da_2872.png,239.14050542091837,60.771000204176154
da,da_1471.png,253.87082788671023,14.194873985448117
da,da_3789.png,244.93285634566325,48.95118799033003
da,da_1427.png,253.28469498910675,16.833421502538684
da,da_3798.png,244.93327487244898,46.94492543906415
da,da_1461.png,243.63826797385622,52.022810373707564
da,da_2900.png,242.46570073341837,52.066129827542156
da,da_2952.png,240.05450813137756,50.50956658861251
da,da_2934.png,241.15457589285714,54.54389401345021
da,da_3791.png,243.3350207270408,50.3323485497992
da,da_1428.png,254.1643137254902,12.04917642064127
da,da_2907.png,241.06570870535714,54.76641543004335
da,da_1499.png,252.9631154684096,19.00509710009535
da,da_1456.png,254.25262820512822,10.993006328911253
da,da_3800.png,243.3336854272959,45.1365942817268
da,da_2967.png,242.00733418367346,52.974932722102444
da,da_2929.png,242.70304528061226,53.825661140088116
da,da_2957.png,244.76662149234693,42.48949195239543
da,da_2966.png,240.95529735331633,49.14144514864316
da,da_1425.png,253.75285403050108,14.06023873215787
da,da_1487.png,253.96122757318224,12.96498327482463
da,da_2874.png,234.89490991709184,66.00558055302655
da,da_2947.png,241.1536790497449,54.53204983421073
da,da_1446.png,253.88162309368192,13.815058642504935
da,da_1422.png,253.5468191721133,15.536308858040988
da,da_2888.png,238.93295599489795,60.89094415721013
da,da_1481.png,252.84204793028323,18.41784611459686
da,da_2933.png,243.75874920280611,49.416669533067015
da,da_1468.png,253.43044662309367,15.822186616994866
da,da_1429.png,241.66875816993465,56.042618158789146
da,da_2905.png,242.77889827806123,51.41567940034902
da,da_1469.png,253.5377450980392,16.077265512987964
da,da_3792.png,243.3360371492347,50.34280505216513
da,da_2913.png,234.89500956632654,67.78464685177657
da,da_2898.png,242.9664381377551,51.13017067751795
da,da_1476.png,253.81261437908498,13.945661194427872
da,da_1482.png,253.66403050108931,14.814698593978962
da,da_3795.png,242.45858577806123,52.09533593569128
da,da_2877.png,239.1424784757653,58.18938213854682
da,da_2919.png,242.0939492984694,47.293626250529
da,da_1444.png,253.16820261437908,17.598344205457575
da,da_1467.png,253.39753812636167,16.044972282661593
da,da_1470.png,238.96032679738562,61.210223624374436
da,da_2955.png,242.18213887117346,52.585379211726206
da,da_2887.png,242.46536192602042,52.07664272909135
da,da_1437.png,253.96989106753813,13.021021540144918
da,da_1432.png,253.5670043572985,15.186659901255709
da,da_2963.png,242.91428172831633,51.18248265496813
da,da_1488.png,253.95454248366013,13.00202485729847
da,da_2886.png,238.9334343112245,58.36706228920412
da,da_2901.png,242.77726403061226,53.58629122377349
da,da_2875.png,243.68449059311226,49.59565100635349
da,da_1451.png,253.87696296296295,13.662742802961011
da,da_1475.png,253.30968409586058,16.503980173157565
da,da_1459.png,253.7947619047619,13.986603580040988
da,da_2926.png,244.76614317602042,47.30077588491503
da,da_1497.png,237.32085317460317,64.22250808948401
da,da_3796.png,243.33278858418367,50.350570884205275
da,da_2890.png,242.46536192602042,52.075556991566515
da,da_2923.png,242.09211575255102,52.85609921466664
da,da_2948.png,243.7579719387755,49.428703843177594
da,da_3799.png,241.94206393494898,47.44228598454286
da,da_1454.png,253.86801587301588,13.650643947822543
da,da_1466.png,253.56782135076253,15.153783849925505
da,da_1460.png,253.20700435729847,17.24002073007459
da,da_2977.png,242.0076530612245,52.969480320732906
da,da_2917.png,244.7667610012755,47.29313284001495
da,da_2902.png,242.77897799744898,51.42171078719611
da,da_2958.png,240.05239556760205,56.53054177575935
da,da_3784.png,241.98875956632654,52.85223373612082
da,da_1453.png,253.36403050108933,16.36823629332707
da,da_1479.png,253.52677559912854,15.650882810260065
da,da_2912.png,242.4641661352041,52.07688340454489
da,da_2928.png,238.9347297512755,52.195016422224796
da,da_3786.png,244.93367346938774,46.94670520377672
da,da_2904.png,242.77836017219389,51.41558579846913
da,da_2946.png,243.75767299107142,49.41287953500481
da,da_1458.png,253.9249128540305,13.551422046428305
da,da_2932.png,244.76538584183675,47.303541962028824
da,da_2941.png,241.15288185586735,56.92801553323888
da,da_1442.png,254.00314814814814,12.752124898838172
da,da_2916.png,242.77768255739795,46.12394895571893
da,da_1424.png,253.41718954248367,16.56203972514617
da,da_2878.png,243.6823580994898,49.5896842798745
da,da_2968.png,242.0109414859694,52.94657179597065
da,da_2885.png,242.96657764668367,53.34395510319951
da,da_2939.png,241.15385841836735,54.56329375697601
da,da_1493.png,253.72811355311356,14.239522107427327
da,da_3785.png,244.93221859056123,46.943345259267474
da,da_2964.png,242.91645408163265,51.15130604396132
da,da_2897.png,242.4651426977041,46.65745288428848
da,da_2896.png,242.96789301658163,51.11574533498014
da,da_1462.png,252.95472766884532,18.56722750827749
da,da_1443.png,253.31580610021786,17.668577854863795
da,da_2942.png,242.18221859056123,52.593944011986956
da,da_2882.png,234.89508928571428,66.00662992697026
da,da_3783.png,244.9332350127551,42.09195301143178
da,da_1455.png,253.7030065359477,14.3314084321533
da,da_2903.png,241.06742267219389,54.75345893118943
da,da_1434.png,253.50607843137254,15.791707445835318
da,da_3803.png,242.45954241071428,52.07965107816358
da,da_1484.png,253.8361284230406,13.703216805834321
da,da_2950.png,242.91448102678572,51.152485087918855
da,da_1498.png,169.8937254901961,10.832160412060848
da,da_2924.png,242.09480628188774,52.84418654675315
da,da_2911.png,241.06827965561226,49.00007648050421
da,da_2970.png,240.95557637117346,54.94967258731568
da,da_2935.png,242.18074378188774,52.61427027372503
da,da_2930.png,242.70344387755102,51.58889963574482
da,da_2974.png,240.9533242984694,54.94758392815967
da,da_2971.png,241.1534199617347,48.79103963568678
da,da_1492.png,253.50519607843137,15.872831202604967
da,da_1445.png,253.62788671023966,14.938457122423802
da,da_1447.png,253.44167755991285,15.699775799314958
da,da_1483.png,253.57357298474946,15.473271313535369
da,da_3787.png,242.1169284119898,52.6119238241664
da,da_1457.png,253.46843137254902,15.674186247868564
dha,dha_0509.png,254.0563834422658,12.721073452988433
dha,dha_4207.png,245.1158522002551,46.49414744668927
dha,dha_3010.png,242.13823341836735,55.0310432476303
dha,dha_3060.png,241.30949059311226,54.28594207405282
dha,dha_4194.png,243.88823341836735,49.174529092648974
dha,dha_0531.png,253.41717864923748,16.121219831611747
dha,dha_4204.png,243.8887316645408,44.01702852308021
dha,dha_0479.png,252.94924836601308,18.288076209956866
dha,dha_0533.png,254.24977337110482,11.228774014106628
dha,dha_0508.png,250.34995642701526,21.42855619716992
dha,dha_0495.png,253.30777777777777,16.568852200845104
dha,dha_3025.png,244.33055644132654,48.28685374464198
dha,dha_4208.png,238.97233737244898,60.89692749348183
dha,dha_4206.png,245.1153938137755,46.50052243117634
dha,dha_4193.png,242.09476642219389,52.827479910013
dha,dha_0512.png,253.0942156862745,17.298285371139134
dha,dha_3071.png,241.2687141262755,54.3680095215179
dha,dha_0497.png,241.39878205128204,56.559013982027345
dha,dha_0496.png,253.55352564102563,15.480946324702408
dha,dha_2998.png,241.2491230867347,56.74371340254897
dha,dha_0519.png,254.11339869281045,12.160350011986859
dha,dha_0522.png,253.7766448801743,14.642992749894205
dha,dha_0523.png,253.84747276688452,13.668671267651238
dha,dha_3024.png,244.33276865433675,48.28836503980896
dha,dha_0544.png,253.81824175824175,13.94562059949011
dha,dha_3052.png,239.11043128188774,58.1864568911925
dha,dha_0482.png,252.87327886710239,19.180206315457006
dha,dha_0552.png,253.75778867102397,14.43059017506408
dha,dha_3015.png,242.1688456632653,52.59493957972143
dha,dha_0474.png,253.67849673202613,14.657721259166694
dha,dha_3014.png,242.4879225127551,52.019217000656035
dha,dha_3065.png,241.68490911989795,53.526152447177644
dha,dha_0505.png,253.86330065359476,13.752226819049783
dha,dha_0546.png,253.53919389978213,15.490538605171453
dha,dha_0545.png,253.2364882629108,17.039895139147678
dha,dha_0513.png,253.57968409586056,15.335024455918001
dha,dha_3083.png,240.2242506377551,56.16767443737089
dha,dha_0494.png,253.48458172458172,15.705306765666231
dha,dha_4212.png,245.1163105867347,46.48154027144084
dha,dha_3011.png,241.8898078762755,55.488860745627626
dha,dha_3045.png,241.30903220663265,48.53246207818818
dha,dha_3056.png,231.93407206632654,70.20310990571274
dha,dha_3013.png,242.16828762755102,52.5982004516695
dha,dha_3049.png,240.73778300382654,55.38093868794006
dha,dha_3064.png,240.76450892857142,55.330946321247445
dha,dha_0488.png,252.86295787545788,18.761868567125553
dha,dha_0476.png,253.27276676109537,16.69486835693875
dha,dha_0540.png,253.42591503267974,16.411049650564813
dha,dha_0483.png,241.62967320261438,56.31154627324714
dha,dha_0530.png,252.97142701525055,18.03822256612028
dha,dha_3061.png,240.76389110331633,55.30859402967284
dha,dha_0484.png,253.49838779956428,15.435758276365535
dha,dha_3033.png,242.03948102678572,47.218255280959504
dha,dha_0551.png,252.90771241830066,18.6880876565037
dha,dha_0507.png,253.7912854030501,14.13262385239922
dha,dha_3027.png,242.4875637755102,52.035246299577246
dha,dha_0535.png,169.96563180827886,10.54569916587395
dha,dha_3028.png,242.4891980229592,52.031503022560095
dha,dha_3074.png,241.26919244260205,54.35774654021375
dha,dha_4191.png,242.09514508928572,55.132991926931055
dha,dha_0477.png,253.60704793028322,15.083254807865902
dha,dha_2995.png,242.14022640306123,52.73556038294107
dha,dha_2983.png,243.82471699617346,49.35571128216384
dha,dha_3021.png,242.16938376913265,47.103382715599885
dha,dha_2997.png,241.25043845663265,54.37623939150815
dha,dha_3006.png,242.1393494897959,52.762015794260314
dha,dha_0524.png,254.1858451369216,6.167176342559774
dha,dha_3022.png,244.3318319515306,48.289263583941846
dha,dha_4197.png,243.88823341836735,51.30204456983177
dha,dha_0541.png,253.7383660130719,14.161373126690599
dha,dha_0506.png,253.87259259259258,14.142839571436404
dha,dha_0493.png,252.67357692307692,19.497793412969887
dha,dha_3026.png,242.1693040497449,54.84453851439405
dha,dha_3034.png,242.48977598852042,52.01290426923504
dha,dha_3084.png,240.22598453443877,56.1575431624732
dha,dha_3012.png,241.8896484375,47.57140468803831
dha,dha_4199.png,245.11573262117346,41.60222441342945
dha,dha_3032.png,239.11186623086735,58.1908906030816
dha,dha_0532.png,241.4044989106754,56.63095402353744
dha,dha_3017.png,244.3314134247449,43.2139771623614
dha,dha_0480.png,253.51376906318083,15.720892318601809
dha,dha_0515.png,253.0204357298475,18.530690453920716
dha,dha_3000.png,243.8233418367347,51.5275453764135
dha,dha_0528.png,253.37118736383442,16.11761130666913
dha,dha_3080.png,241.68307557397958,47.84030809556519
dha,dha_2982.png,241.62456154336735,47.96479876582829
dha,dha_4205.png,243.88811383928572,49.16502714120794
dha,dha_3057.png,240.7352519132653,55.37389850939829
dha,dha_3039.png,241.30913185586735,54.28079307900013
dha,dha_3076.png,240.7635124362245,57.77121316678646
dha,dha_0502.png,253.77687440982058,13.891214594912288
dha,dha_0548.png,253.9934074074074,12.963101709098751
dha,dha_0499.png,253.25434372049102,16.836449356381973
dha,dha_0475.png,253.4554248366013,16.22845399097403
dha,dha_2978.png,241.62683354591837,53.70394191805052
dha,dha_3066.png,241.2663026147959,54.37611013418959
dha,dha_4195.png,242.0946269132653,52.83695521058966
dha,dha_0503.png,253.63125272331155,14.932488792038859
dha,dha_4209.png,242.09628109056123,47.237344827729196
dha,dha_0521.png,114.1704357298475,7.725164269513456
dha,dha_2984.png,243.82397959183675,44.10416311412147
dha,dha_0520.png,237.00428104575164,64.53757103699026
dha,dha_4200.png,245.1154336734694,48.53424247154185
dha,dha_2985.png,239.51705994897958,51.310998301041344
dha,dha_3042.png,242.48826132015307,54.30960784046436
dha,dha_3085.png,240.22427056760205,58.548323595613226
dha,dha_2987.png,243.82310267857142,49.3517148051886
dha,dha_0510.png,253.59297385620914,14.870687514283414
dha,dha_0489.png,253.90133928571427,13.348023833879147
dha,dha_3002.png,239.51516661352042,57.5266066814966
dha,dha_2992.png,239.51797672193877,57.5482044408249
dha,dha_2996.png,241.2500597895408,54.375730756111174
dha,dha_3044.png,240.73770328443877,49.492782234605045
dha,dha_4201.png,238.97104193239795,58.351891642085235
dha,dha_0486.png,253.6639384920635,14.829563096434681
dha,dha_3043.png,239.11198580994898,60.71087991887478
dha,dha_3036.png,241.30845424107142,54.27622373823976
dha,dha_0498.png,253.29925353925353,16.874917133770616
dha,dha_3062.png,240.76558514030611,55.3000178345829
dha,dha_3031.png,240.73726482780611,57.80673464120359
dha,dha_0549.png,253.81126361655774,14.141404601783172
dha,dha_0537.png,253.75107843137255,14.098768813672583
dha,dha_3038.png,231.93648357780611,72.11523413843574
dha,dha_3023.png,244.3308553890306,50.389406076003894
dha,dha_3020.png,241.24998007015307,48.61420563699258
dha,dha_0539.png,253.6599891067538,14.828119903385003
dha,dha_3040.png,240.74009486607142,55.363811086200066
dha,dha_3019.png,244.33047672193877,48.291567947389936
dha,dha_3051.png,240.73816167091837,55.38720129491842
dha,dha_3068.png,241.2674784757653,56.78082567740728
dha,dha_3058.png,242.03852439413265,55.18090041684404
dha,dha_4190.png,245.11617107780611,46.5051274395051
dha,dha_0543.png,253.59054466230936,15.356450105218393
dha,dha_4211.png,238.9747688137755,58.35392809651166
dha,dha_3029.png,241.30841438137756,54.281365156979334
dha,dha_2988.png,243.82284359056123,49.35696403033258
dha,dha_0536.png,253.44978213507625,15.646144428085707
dha,dha_0534.png,253.61624183006535,15.081103032100462
dha,dha_0481.png,253.49430555555554,15.629875979317877
dha,dha_3008.png,242.13909040178572,52.74210044283039
dha,dha_0529.png,253.2444008714597,16.9779924902311
dha,dha_3007.png,241.89102359693877,53.15173286669835
dha,dha_0514.png,253.87846081208687,13.47316455291755
dha,dha_3067.png,240.76405054209184,49.408565911294275
dha,dha_2989.png,239.51897321428572,57.506658945315664
dha,dha_0511.png,253.65692810457517,14.697477031325285
ga,ga_0800.png,253.38125590179413,16.548894503319907
ga,ga_2249.png,248.98250159438774,36.59800262535505
ga,ga_0866.png,254.11099816849816,12.027244557296667
ga,ga_0810.png,253.5088888888889,15.634202474086305
ga,ga_2241.png,245.9162149234694,44.725643277702765
ga,ga_0852.png,253.49440476190478,15.680431150777167
ga,ga_2279.png,245.7841198979592,45.009939818360806
ga,ga_0809.png,253.9786165577342,13.273432859384187
ga,ga_0857.png,253.46667755991285,15.586249619349934
ga,ga_0792.png,253.53315904139433,15.954425514768504
ga,ga_2274.png,247.3405612244898,41.14405566447919
ga,ga_0797.png,253.63417211328976,15.111728193648123
ga,ga_0839.png,253.4649128540305,15.998422098223575
ga,ga_0815.png,253.8504357298475,13.83238144711866
ga,ga_0844.png,253.60669413919413,15.059154088300149
ga,ga_0796.png,243.4254248366013,52.5008089426661
ga,ga_0804.png,253.17001287001287,17.41542834759108
ga,ga_0859.png,252.56873638344226,19.857216979205933
ga,ga_0830.png,254.1095751633987,12.231542843909333
ga,ga_2305.png,245.4066087372449,45.99574009443479
ga,ga_0861.png,253.6939376770538,14.542011006631256
ga,ga_0853.png,253.59125272331156,15.45224478899165
ga,ga_4135.png,243.10010762117346,50.703687461389784
ga,ga_0835.png,253.61035947712418,15.01478862424274
ga,ga_2263.png,247.34036192602042,41.14785525502389
ga,ga_0838.png,252.93441176470589,19.19341245390347
ga,ga_2256.png,245.9862284757653,44.52360981806844
ga,ga_2270.png,246.39819834183675,43.47856486386568
ga,ga_2228.png,244.11270328443877,48.72304200973793
ga,ga_0846.png,253.2392488262911,16.513457860652636
ga,ga_2323.png,245.27562978316325,46.09879491591591
ga,ga_2235.png,246.97534677933675,42.123672545766304
ga,ga_0828.png,169.82674291938997,11.162086342906605
ga,ga_0829.png,254.53952069716775,8.99962515493341
ga,ga_0847.png,254.05462962962963,12.670084950015275
ga,ga_0814.png,234.5700992063492,68.5734086060136
ga,ga_0793.png,253.76903846153846,14.240412210253421
ga,ga_2318.png,244.43931361607142,48.07099184430199
ga,ga_0831.png,253.3175925925926,16.473453123766955
ga,ga_2275.png,247.34095982142858,36.88601121359778
ga,ga_0851.png,253.95733115468408,12.864169669545358
ga,ga_0862.png,252.83217186024552,18.688605798454063
ga,ga_0845.png,252.95944444444444,17.82430716894808
ga,ga_2264.png,247.3402024872449,41.15154374317255
ga,ga_0849.png,253.47952069716774,15.800634794241265
ga,ga_2327.png,245.72303491709184,46.9290581181791
ga,ga_0826.png,253.83755991285403,14.006461197105363
ga,ga_0867.png,244.71996732026145,49.228698013048586
ga,ga_2283.png,238.2737364477041,56.515885070164884
ga,ga_0799.png,253.50969498910675,15.811073231319261
ga,ga_2301.png,242.15818319515307,54.902447748107356
ga,ga_2255.png,245.9861288265306,46.38729499884569
ga,ga_0798.png,254.19578431372548,11.670615656840411
ga,ga_0860.png,253.97650326797387,13.000989704889172
ga,ga_0813.png,254.34364923747276,10.533902057899475
ga,ga_4137.png,243.0985331632653,50.71091201131476
ga,ga_0822.png,242.68290849673204,54.139057094555014
ga,ga_2276.png,245.98654735331633,44.52461437301662
ga,ga_4136.png,248.3544323979592,38.37333670442133
ga,ga_0823.png,253.76257080610023,14.690076754283123
ga,ga_0836.png,253.73187363834424,14.261180431352086
ga,ga_0840.png,254.21677559912854,11.472197217325775
ga,ga_0819.png,252.73996732026143,19.5771992228382
ga,ga_0795.png,254.04967320261437,12.615649534723287
ga,ga_0832.png,252.14773371104815,22.935921681121034
ga,ga_0790.png,253.8661850802644,14.014495634932208
ga,ga_0811.png,254.1844989106754,11.830366074604335
ga,ga_0848.png,253.25047930283225,16.796373220580683
ga,ga_2307.png,242.15941884566325,52.82310525700488
ga,ga_4134.png,245.7285754145408,40.368103182529865
ga,ga_0805.png,253.472,15.842624607732725
ga,ga_2300.png,241.7169961734694,53.7011196793541
ga,ga_2268.png,246.39901546556123,38.94068053582515
ga,ga_4140.png,243.10006776147958,50.7168091046816
ga,ga_4124.png,245.6965880102041,45.29095609764081
ga,ga_2257.png,246.39899553571428,45.298674023101995
ga,ga_0850.png,254.10761437908496,11.98364711723361
ga,ga_2253.png,245.98644770408163,39.850329034772884
ga,ga_2282.png,238.27537069515307,60.442455787609575
ga,ga_0791.png,239.39947435897435,60.285458103078724
ga,ga_4127.png,243.0989317602041,50.70149543636621
ga,ga_2243.png,246.9754264987245,42.11830320491492
ga,ga_2258.png,246.34396922831633,43.77219700096335
ga,ga_2267.png,245.9873644770408,44.49438659245645
ga,ga_2238.png,245.91517857142858,44.714712484770196
ga,ga_2304.png,242.15939891581633,52.802481224152366
ga,ga_4121.png,245.6959901147959,45.31214255515488
ga,ga_2303.png,242.15886080994898,52.815001661647685
ga,ga_0820.png,254.08191721132897,12.626975128646768
ga,ga_2230.png,244.11198580994898,48.73166144963026
ga,ga_2326.png,244.4397122130102,48.078522818969475
ga,ga_0825.png,252.74450980392157,18.991515056721674
ga,ga_2316.png,242.15688775510205,52.83974266031507
ga,ga_2225.png,246.03958067602042,39.72724071704431
ga,ga_2266.png,247.34129862882654,41.157814882043766
ga,ga_0812.png,253.791045751634,14.223494571204325
ga,ga_2294.png,241.71590003188774,53.69846232069735
ga,ga_2240.png,246.9757453762755,37.688509364054205
ga,ga_0856.png,253.73399782135075,14.387115049316218
ga,ga_2286.png,245.7840202487245,45.00826889275796
ga,ga_2271.png,245.91561702806123,40.00544763269258
ga,ga_2320.png,245.2783801020408,46.08586636721997
ga,ga_2277.png,245.78342235331633,46.91697641148853
ga,ga_2309.png,245.2774035395408,46.10188634954875
ga,ga_0827.png,253.73600217864924,14.321822027803368
ga,ga_2231.png,245.91531808035714,46.58646511802702
ga,ga_4131.png,245.72749920280611,45.09441959293796
ga,ga_0824.png,254.1137582625118,12.142129870511416
ga,ga_2310.png,244.4393933354592,50.13066029273686
ga,ga_2269.png,245.98660714285714,44.527613080986626
ga,ga_2308.png,244.43783880739795,48.076003359226306
ga,ga_2250.png,246.3444674744898,39.105790864638124
ga,ga_0837.png,253.69761437908497,14.697427293117725
ga,ga_0868.png,254.18782135076253,11.593446041365524
ga,ga_2272.png,246.39939413265307,43.48658723931105
ga,ga_2292.png,245.02026865433675,46.73615584799666
ga,ga_4120.png,245.69744499362244,40.473629372646975
ga,ga_2265.png,246.3981784119898,43.49520369660444
ga,ga_4125.png,248.3544921875,34.37206030086051
ga,ga_0855.png,253.70960784313726,14.405547953090291
ga,ga_4123.png,245.72899394132654,45.07553115428771
ga,ga_2319.png,244.43979193239795,42.945440595868725
ga,ga_2226.png,246.03860411352042,44.393103661931555
ga,ga_2260.png,247.3406608737245,42.892578840502885
ga,ga_2232.png,246.97616390306123,42.115954424758556
ga,ga_2227.png,246.03884327168367,46.268103809592134
ga,ga_2251.png,246.34418845663265,43.78452488547325
ga,ga_2299.png,241.7155612244898,55.798643798472405
ga,ga_2287.png,245.78378109056123,40.28297082368585
ga,ga_2295.png,241.71629862882654,48.62415412915289
ga,ga_0865.png,253.62211328976034,14.803465232770359
ga,ga_2288.png,238.27393574617346,60.44901505748443
ga,ga_4129.png,243.09897161989795,52.839745211405116
ga,ga_2245.png,248.9831393494898,36.63383329473485
ga,ga_2254.png,245.78487723214286,45.01245353755181
ga,ga_2281.png,245.01807637117346,46.73864193370733
ga,ga_4118.png,245.69688695790816,45.326399819557
ga,ga_0864.png,243.79200435729848,51.61745247609558
ga,ga_4132.png,248.3544323979592,38.36999910656804
ga,ga_4128.png,245.7283163265306,46.99726537756016
ga,ga_4122.png,245.69666772959184,47.27056887890995
ga,ga_2285.png,245.01907286352042,48.701360143392705
ga,ga_2329.png,245.7228555484694,45.04665816257907
ga,ga_2324.png,245.7233338647959,40.33908990001976
ga,ga_2262.png,248.98361766581633,36.60736512718924
ga,ga_0802.png,253.09760617760617,17.73331679393747
ga,ga_2239.png,245.91438137755102,44.7340564403923
ha,ha_0561.png,253.6624542124542,14.6443140718909
ha,ha_0555.png,253.26833333333335,16.891955500205267
ha,ha_0577.png,252.98960784313726,18.55024798437861
ha,ha_1954.png,243.05241549744898,45.477248475376534
ha,ha_0573.png,253.50236383442265,15.889745219067667
ha,ha_1909.png,240.4142219387755,56.027096756966785
ha,ha_2005.png,243.78268494897958,49.39120124533181
ha,ha_1910.png,240.4153380102041,56.026718190743914
ha,ha_3809.png,240.32240513392858,56.06747374519505
ha,ha_1953.png,244.87769052933675,47.08577450536055
ha,ha_1968.png,243.55040258290816,49.889489347942956
ha,ha_1981.png,243.7821667729592,44.15002007041854
ha,ha_0600.png,253.69263616557734,14.737248992449228
ha,ha_1958.png,242.41234853316325,52.17841301433812
ha,ha_0618.png,229.04357298474946,76.68904104516942
ha,ha_0595.png,254.00831916902737,12.954122458747394
ha,ha_2000.png,245.07852359693877,41.64415424868287
ha,ha_0598.png,254.05182716049381,12.781981158666165
ha,ha_0599.png,253.16995642701525,17.28533019260501
ha,ha_0631.png,253.1764705882353,16.744821713291525
ha,ha_0609.png,253.75144880174292,14.269803655829296
ha,ha_0601.png,253.62800653594772,14.976892075593184
ha,ha_0603.png,253.6006753812636,15.134648224716296
ha,ha_3808.png,240.32497608418367,56.066285688135146
ha,ha_1974.png,243.5511399872449,52.032607036065016
ha,ha_3814.png,246.90894052933675,44.048637037371535
ha,ha_0560.png,253.65576959395656,14.693996585161614
ha,ha_1922.png,243.0128946109694,50.960344245407
ha,ha_0602.png,169.77869281045753,11.34292266514904
ha,ha_0567.png,253.6225163398693,14.83572649370897
ha,ha_0620.png,252.75805010893245,19.23829951714066
ha,ha_1964.png,243.55070153061226,49.88561753532078
ha,ha_3829.png,237.51076211734693,54.03448463623829
ha,ha_0581.png,234.92393849206348,68.10692135511931
ha,ha_3827.png,237.50729432397958,60.6757735211701
ha,ha_0619.png,253.7838888888889,14.286242590695547
ha,ha_1971.png,245.8765943877551,46.64160045010476
ha,ha_1913.png,240.41362404336735,56.017881984353835
ha,ha_0627.png,253.60976034858388,14.943665475748041
ha,ha_0562.png,253.40063180827886,16.244810655688255
ha,ha_0593.png,253.14392156862746,17.375254267895553
ha,ha_0612.png,253.238779956427,16.625359905143284
ha,ha_0558.png,245.03019230769232,48.41252273591334
ha,ha_0607.png,253.68117647058824,15.093559590089308
ha,ha_0589.png,253.0344600938967,17.993424863641856
ha,ha_1932.png,241.70509805484693,53.616386146021874
ha,ha_3820.png,237.50821109693877,60.67709447448972
ha,ha_0553.png,253.41136165577342,16.071396650657228
ha,ha_1982.png,245.07770647321428,48.55684934622856
ha,ha_1969.png,245.87723214285714,40.02517785948433
ha,ha_0584.png,253.07191721132898,17.465949818950968
ha,ha_1963.png,244.8773118622449,42.06297209054826
ha,ha_3812.png,241.8566446109694,53.21107444856715
ha,ha_3806.png,240.3239596619898,49.996325007581106
ha,ha_1907.png,242.24222735969389,52.47693476577416
ha,ha_0582.png,242.9930174291939,52.74181807542908
ha,ha_1938.png,241.70627391581633,53.61300080882683
ha,ha_1987.png,245.1727917729592,46.39556345021463
ha,ha_0588.png,253.3725163398693,16.95857057974288
ha,ha_1961.png,243.55173788265307,44.58066777497761
ha,ha_1925.png,242.49906329719389,51.95957536410393
ha,ha_1983.png,245.17277184311226,46.37834449253815
ha,ha_0628.png,245.44533769063182,47.30748485327714
ha,ha_1940.png,244.87709263392858,47.06067711796175
ha,ha_1939.png,240.7603834502551,55.26626723030132
ha,ha_0616.png,253.3844880174292,16.496026164022194
ha,ha_0614.png,253.36752723311548,16.173837436268354
ha,ha_1956.png,242.41228874362244,52.156305594859596
ha,ha_1935.png,236.80518574617346,58.727890279432714
ha,ha_1908.png,240.33635602678572,56.17004633730716
ha,ha_1951.png,240.76114078443877,49.34610129176706
ha,ha_0623.png,220.93786492374727,86.30020875003626
ha,ha_1977.png,245.17263233418367,41.47307268225127
ha,ha_3825.png,241.85760124362244,47.525277234975434
ha,ha_1923.png,240.33729272959184,56.17521241040714
ha,ha_0586.png,253.8366575091575,13.740523027775879
ha,ha_0587.png,239.9894662309368,59.303932902187526
ha,ha_0630.png,252.9882679738562,18.021758322509598
ha,ha_3811.png,240.32328204719389,58.526606434615715
ha,ha_3817.png,237.50847018494898,60.698851832985284
ha,ha_0625.png,253.6067757936508,15.253316310025824
ha,ha_1967.png,244.8771125637755,49.09673109511964
ha,ha_1947.png,240.75936702806123,55.26182761173984
ha,ha_3828.png,241.8572624362245,55.513957345622195
ha,ha_0590.png,253.57944444444445,15.29371573123512
ha,ha_0554.png,253.54468409586056,15.490537102212413
ha,ha_1950.png,244.87649473852042,47.06123667697713
ha,ha_1986.png,245.07746731505102,46.55652053026785
ha,ha_1965.png,245.87735172193877,44.739310807955086
ha,ha_1946.png,240.76008450255102,57.63364776289234
ha,ha_0576.png,253.6340631808279,14.863360254126203
ha,ha_0572.png,253.33270152505446,16.32509683951092
ha,ha_0575.png,169.88079520697167,10.776900042732354
ha,ha_3818.png,246.9089803890306,37.79351525050783
ha,ha_3822.png,246.90955835459184,42.19901949110081
ha,ha_3816.png,246.90949856505102,42.20540248290613
ha,ha_0565.png,253.47712418300654,15.877738200981717
ha,ha_1996.png,242.0315090880102,52.85591010871911
ha,ha_1920.png,241.70479910714286,55.837302570469156
ha,ha_1992.png,243.01217713647958,50.96150671446959
ha,ha_0591.png,253.4301633986928,19.21723431003217
ha,ha_1945.png,242.4127272002551,46.60419091132514
ha,ha_0611.png,253.70335317460317,14.58162563696303
ha,ha_1949.png,243.05287388392858,50.93275040567549
ha,ha_1999.png,242.0333027742347,52.87791756449109
ha,ha_0610.png,253.31352182539683,16.556611867327124
ha,ha_1937.png,240.33589764030611,58.50393657123732
ha,ha_1914.png,242.50075733418367,46.4280082321656
ha,ha_0578.png,253.9557790368272,12.908855293114087
ha,ha_1917.png,240.33649553571428,50.434391857567874
ha,ha_1959.png,242.41266741071428,52.174468560541854
ha,ha_0559.png,253.0748846153846,17.67776584059455
ha,ha_3810.png,240.3223652742347,56.08163414106497
ha,ha_2001.png,236.8037109375,62.93095328847756
ha,ha_1985.png,243.78268494897958,49.40470367112697
ha,ha_1936.png,240.41545758928572,50.66666317762874
ha,ha_0615.png,253.4467320261438,15.891604338419931
ha,ha_2003.png,236.80570392219389,62.932316808414974
ha,ha_1948.png,243.0520567602041,50.941614729054386
ha,ha_1921.png,242.24437978316325,46.91006244259881
ha,ha_1912.png,240.3386678890306,56.162380741330345
ha,ha_1993.png,236.80235570790816,62.93644787919712
ha,ha_1933.png,240.41448102678572,58.211965033389724
ha,ha_0608.png,253.98735347985348,12.89904074547562
ha,ha_0574.png,252.71903050108932,20.33235719121469
ha,ha_1989.png,245.07932079081633,46.55018419835651
ha,ha_1970.png,245.87832828443877,44.72296299495908
ha,ha_1942.png,240.7598254145408,55.25988479888554
ha,ha_0629.png,253.79824404761905,14.061817140103573
ha,ha_0563.png,253.05689832689833,17.823931338124087
ha,ha_0622.png,253.60479302832243,15.129523537557377
ha,ha_0592.png,253.57868191721133,14.874858407451907
ha,ha_1931.png,242.5006178252551,54.20241126311299
ha,ha_1979.png,245.17358896683675,46.38958314050336
ha,ha_1944.png,243.0509406887755,50.95207742525606
ha,ha_0568.png,253.6465577342048,14.740784282604322
ha,ha_1957.png,242.41183035714286,54.42157831169092
ha,ha_0624.png,253.6991503267974,14.40573110267834
ha,ha_0613.png,253.76594900849858,14.080630086971432
ha,ha_1927.png,241.7029257015306,53.62664858841614
ha,ha_1952.png,243.05277423469389,50.95363856605285
ha,ha_0585.png,253.1625708061002,17.202808516109698
ja,ja_1162.png,237.73888888888888,63.24716731940514
ja,ja_1730.png,239.89377391581633,59.23962746769587
ja,ja_1754.png,241.34855309311226,56.57311025521923
ja,ja_1697.png,239.47843590561226,60.092737753018866
ja,ja_1150.png,242.1752505446623,55.1741436562925
ja,ja_4056.png,242.89875637755102,53.40439915007896
ja,ja_1161.png,254.09493464052287,12.229690667357765
ja,ja_1115.png,253.5279411764706,15.50404063254278
ja,ja_1734.png,242.77678571428572,51.33818244156157
ja,ja_1776.png,233.56899713010205,67.79028090035547
ja,ja_1131.png,253.63502747252747,14.98020519890976
ja,ja_1121.png,253.63593681917212,15.030999791510595
ja,ja_4052.png,243.59783561862244,49.68417789179534
ja,ja_4060.png,245.00520169005102,48.70975036703325
ja,ja_1731.png,245.06441326530611,46.57182266458067
ja,ja_1173.png,253.30966537966538,17.05373298630942
ja,ja_1181.png,169.84127450980392,11.220070432519616
ja,ja_1742.png,241.21934789540816,56.773422105862835
ja,ja_1171.png,253.7607783882784,14.212076268030799
ja,ja_1126.png,253.7155119825708,14.345686389436418
ja,ja_1172.png,253.61191721132897,15.259609695055559
ja,ja_1177.png,239.91846153846154,59.360006977782334
ja,ja_1145.png,253.7162599206349,14.666511684107446
ja,ja_1153.png,253.36123701605288,16.481139785534257
ja,ja_1138.png,253.649651416122,14.97246059040439
ja,ja_1130.png,253.8129411764706,13.9724003649875
ja,ja_1716.png,242.77654655612244,51.333627141572116
ja,ja_4062.png,240.20842633928572,56.091574711485436
ja,ja_1128.png,253.69306100217864,15.030422446130139
ja,ja_1692.png,239.48050860969389,57.518464713795446
ja,ja_1129.png,254.08041394335513,12.095380014434214
ja,ja_1151.png,253.4477777777778,16.049759894801415
ja,ja_1146.png,254.07333333333332,12.128445942362157
ja,ja_1107.png,252.98738562091503,17.966147479538435
ja,ja_1140.png,253.40617647058824,16.288135375422012
ja,ja_1135.png,253.45194989106753,16.048007379741392
ja,ja_1765.png,245.71151546556123,47.1724311969858
ja,ja_1160.png,252.25359477124184,15.132546664692669
ja,ja_1771.png,244.00629783163265,49.00971666928032
ja,ja_4068.png,245.0056002869898,46.660263546648046
ja,ja_1705.png,241.8106465242347,47.59640708925264
ja,ja_4059.png,240.11963887117346,56.24430718213998
ja,ja_4055.png,240.1184630102041,58.71655987892353
ja,ja_1116.png,253.46732026143792,15.656637716435384
ja,ja_1767.png,241.76319355867346,53.35041579921512
ja,ja_1770.png,241.76261559311226,55.743288066168155
ja,ja_1139.png,253.36856209150326,16.6667758395758
ja,ja_1782.png,241.76297433035714,53.34625707215751
ja,ja_1183.png,253.93401960784314,13.23278647425605
ja,ja_1735.png,239.89425223214286,50.65560789385335
ja,ja_1112.png,254.22057734204793,11.383165401971324
ja,ja_1108.png,253.57486928104575,15.518479890767894
ja,ja_1109.png,253.82675381263616,14.035513117092972
ja,ja_1141.png,253.61117647058825,15.323223198927577
ja,ja_1156.png,254.07315476190476,12.25723812594211
ja,ja_1729.png,241.21763392857142,54.361256736818525
ja,ja_1752.png,245.7100207270408,45.159672960437874
ja,ja_1728.png,243.98325892857142,48.89841434456284
ja,ja_1717.png,242.77632732780611,51.34368706319815
ja,ja_1168.png,253.53166666666667,15.634721270454204
ja,ja_4053.png,245.00486288265307,46.663402691813985
ja,ja_1696.png,240.03218670280611,50.48037160422456
ja,ja_1719.png,242.53651147959184,54.28482492937955
ja,ja_1774.png,243.984375,48.98615773210094
ja,ja_1769.png,233.5661471619898,67.78964048212542
ja,ja_1178.png,230.94426587301587,73.82387616026494
ja,ja_1163.png,253.2715577342048,16.43758556966188
ja,ja_1166.png,253.7488017429194,14.33453839294826
ja,ja_1118.png,253.85685185185184,14.05528838912114
ja,ja_1154.png,253.58761437908495,15.212624228613985
ja,ja_1134.png,253.8289135802469,13.989363280454604
ja,ja_1733.png,241.22066326530611,48.55758009321571
ja,ja_1747.png,243.98162468112244,51.02096131651609
ja,ja_1165.png,253.52562091503268,15.619301833183094
ja,ja_1706.png,240.85626594387756,55.111743546594504
ja,ja_1704.png,239.47953204719389,57.522229609975156
ja,ja_1758.png,241.35040656887756,54.13560571782185
ja,ja_1720.png,245.0650709502551,48.611750132489846
ja,ja_1738.png,242.77670599489795,45.92269480071072
ja,ja_1737.png,242.5349968112245,51.93882855228753
ja,ja_1721.png,245.06497130102042,46.58352794287959
ja,ja_1761.png,244.71717554209184,47.35332386993934
ja,ja_1180.png,240.0831917211329,59.078044064326555
ja,ja_4057.png,242.90160634566325,51.1334096512247
ja,ja_1694.png,240.85780054209184,49.1482750641595
ja,ja_1766.png,244.71791294642858,47.33364425800846
ja,ja_1111.png,252.94358387799565,19.21968819130709
ja,ja_1785.png,243.98547114158163,48.98084823144882
ja,ja_1709.png,241.81078603316325,53.32624689729519
ja,ja_1142.png,253.5574291938998,15.23565550344698
ja,ja_4048.png,243.59817442602042,51.88989105655511
ja,ja_4051.png,242.8981784119898,51.150376977316725
ja,ja_1707.png,243.8035514987245,49.20117511113636
ja,ja_1169.png,253.98119825708062,13.139902287132056
ja,ja_1793.png,243.9871053890306,48.98560948449063
ja,ja_1114.png,253.57969498910674,15.715878400328013
ja,ja_1106.png,253.8396732026144,13.815023046192932
ja,ja_1120.png,253.35570349386214,12.271243554229965
ja,ja_4063.png,245.00573979591837,46.67447891900739
ja,ja_1726.png,241.21825175382654,54.37765448545058
ja,ja_1167.png,253.74306100217865,14.45410834837644
ja,ja_1732.png,239.8948301977041,56.73023071720426
ja,ja_4064.png,242.89991230867346,51.151690911364796
ja,ja_1736.png,241.21950733418367,54.344923791582346
ja,ja_1741.png,239.89295679209184,56.7394802924966
ja,ja_1144.png,253.60260623229462,15.308281896541619
ja,ja_1748.png,242.77658641581633,53.61630700809903
ja,ja_1147.png,252.684128540305,19.924341556021208
ja,ja_1125.png,253.80718954248366,14.00034984580858
ja,ja_1137.png,253.04668845315905,18.50442150933969
ja,ja_1784.png,243.9846340880102,48.96202811123151
ja,ja_1773.png,243.9845344387755,51.12692570321762
ja,ja_1182.png,253.58403210576014,15.180755795981073
ja,ja_1753.png,241.3499681122449,54.13867660192819
ja,ja_1155.png,253.64063180827887,15.504686354364715
ja,ja_1698.png,241.80935108418367,53.34105642590146
ja,ja_1749.png,245.06509088010205,46.58059747372247
ja,ja_1745.png,243.98194355867346,43.78132662178472
ja,ja_1723.png,242.53523596938774,51.942024660549905
ja,ja_1751.png,242.53647161989795,46.3757742507789
ja,ja_1693.png,243.80434869260205,49.19471418517508
ja,ja_1175.png,253.63559845559845,15.023373610111044
ja,ja_4065.png,245.00506218112244,41.85366896785456
ja,ja_1711.png,240.85945471938774,55.090425447423975
ja,ja_1722.png,245.06457270408163,46.57964577494067
ja,ja_1760.png,245.71233258928572,40.37893340698604
ja,ja_1795.png,244.00695551658163,43.92753668490526
ja,ja_1143.png,253.63495642701525,14.820462957505399
ja,ja_1127.png,242.61374727668846,54.12401601403327
ja,ja_1701.png,243.80315290178572,49.216972299693026
ja,ja_1786.png,241.76315369897958,47.66829103456745
ja,ja_1691.png,239.4769212372449,57.54842391621692
ja,ja_1740.png,243.98112643494898,48.90888044018455
ja,ja_1724.png,243.98110650510205,48.911019500952804
ja,ja_4050.png,243.59895169005102,49.703939470319234
ja,ja_4049.png,243.59915098852042,49.703240576454
ja,ja_1164.png,254.09620396600567,12.273127894292987
ja,ja_1715.png,241.81078603316325,53.332853736504156
ja,ja_1184.png,253.84514161220042,13.909666758669827
ja,ja_1789.png,244.7175143494898,42.36418172070492
ja,ja_1792.png,240.03260522959184,56.48491632320358
ja,ja_4046.png,243.59789540816325,49.680642483755726
ja,ja_1113.png,170.1599891067538,9.762479438795747
ja,ja_1743.png,239.89510921556123,56.74781363783644
ja,ja_1775.png,233.56590800382654,67.79191267394788
ja,ja_1790.png,241.76175860969389,53.36067062856548
ja,ja_1176.png,253.21448717948718,17.204182418404343
ka,ka_1501.png,253.26232294617563,11.672816402332442
ka,ka_1559.png,253.09778867102398,18.12109567326944
ka,ka_1570.png,252.09032679738561,21.42840565087658
ka,ka_2086.png,237.89441167091837,53.667893541804446
ka,ka_2082.png,240.78113042091837,55.29778037854302
ka,ka_2103.png,242.31248007015307,54.56254851191608
ka,ka_2021.png,239.26076211734693,60.447179679281824
ka,ka_1521.png,253.26444444444445,16.955566802864208
ka,ka_2014.png,242.4557557397959,54.35297242105635
ka,ka_1549.png,252.97924603174604,18.383489989483408
ka,ka_2048.png,239.3278260522959,51.65024549138666
ka,ka_1567.png,253.23925925925926,17.29882087914092
ka,ka_3843.png,240.88919005102042,54.99791310553411
ka,ka_1563.png,253.235697167756,17.266156028857953
ka,ka_2022.png,234.48001036352042,68.23852440037412
ka,ka_2055.png,236.19302056760205,62.81911256882102
ka,ka_1547.png,252.61924603174603,19.965591100765348
ka,ka_1546.png,252.90337690631807,18.714362196744148
ka,ka_2104.png,238.2585897640306,59.606129055411905
ka,ka_2057.png,239.30719866071428,57.79521922504594
ka,ka_2008.png,245.57085060586735,45.530748618886555
ka,ka_2068.png,237.79858896683675,62.955741544494174
ka,ka_2084.png,237.89487005739795,60.23364942546408
ka,ka_1515.png,252.41825708061003,20.251285927359955
ka,ka_1503.png,253.648779956427,15.031676779067622
ka,ka_2070.png,227.03995934311226,76.2831666222335
ka,ka_1522.png,253.28917211328977,16.63038064257046
ka,ka_2024.png,239.4372409119898,51.92809751278081
ka,ka_1540.png,248.61211328976034,37.57269614986043
ka,ka_2094.png,234.48204320790816,65.4582423044595
ka,ka_1560.png,253.13605288007554,17.452209059018763
ka,ka_2087.png,237.89341517857142,62.91251429094202
ka,ka_2049.png,237.14793925382654,61.40728108505591
ka,ka_1513.png,253.41967320261438,16.402028964172985
ka,ka_2060.png,227.03966039540816,76.28658700518706
ka,ka_2050.png,237.14409279336735,61.42752254105814
ka,ka_2093.png,234.4816446109694,65.46905351816527
ka,ka_2077.png,227.03826530612244,78.34025327515432
ka,ka_1511.png,253.10660130718955,17.380638941578486
ka,ka_2106.png,238.2606823979592,59.600216036847755
ka,ka_1539.png,253.37100217864923,16.548624599036046
ka,ka_1536.png,253.4787063267233,15.934235412915461
ka,ka_1506.png,252.8169825708061,18.87184336361641
ka,ka_1561.png,253.6776298394712,14.702140422526238
ka,ka_2009.png,242.45679209183675,52.11629481929302
ka,ka_2026.png,242.90471540178572,51.28406491475497
ka,ka_1520.png,253.0368845315904,17.744729221108386
ka,ka_1502.png,233.60700396825396,70.01770438349793
ka,ka_1558.png,253.75922657952069,14.427836801928567
ka,ka_2078.png,237.7976921237245,60.3360423434864
ka,ka_1550.png,253.52396825396826,15.467118249737833
ka,ka_1508.png,253.37580610021786,16.221950507623028
ka,ka_1538.png,253.22382352941176,17.027872222901088
ka,ka_1562.png,253.43274509803922,16.26976182925788
ka,ka_1523.png,253.10377995642702,17.554226067084983
ka,ka_2018.png,242.45461973852042,52.111948602256426
ka,ka_1556.png,241.9318954248366,55.66687274532283
ka,ka_1526.png,252.970697167756,18.87708642478189
ka,ka_1524.png,253.2530174291939,17.143781358298238
ka,ka_1504.png,252.87542723004694,18.50691186528172
ka,ka_2043.png,237.14600605867346,64.08597976257202
ka,ka_1565.png,253.38985835694052,16.072825972108983
ka,ka_1516.png,252.86420479302834,19.50384386921808
ka,ka_2066.png,236.19038982780611,62.838866782677336
ka,ka_1557.png,253.08282135076252,17.700857071328148
ka,ka_1533.png,253.1403376906318,17.580357375870012
ka,ka_2100.png,242.00685586734693,52.95520615810199
ka,ka_2099.png,242.31198182397958,52.336092806613145
ka,ka_1554.png,253.25787581699348,17.134572545462966
ka,ka_2039.png,242.90483498086735,51.289152654989714
ka,ka_2023.png,242.90617028061226,46.04364001582878
ka,ka_1566.png,253.56952069716775,15.494160935068916
ka,ka_2033.png,239.43696189413265,60.18770109624375
ka,ka_2069.png,240.77879862882654,55.325526665264114
ka,ka_2075.png,237.80151865433675,60.34860898373297
ka,ka_1548.png,252.8627478753541,18.638048354438858
ka,ka_1510.png,253.11774725274725,17.516278667809363
ka,ka_1571.png,249.06977124183007,28.616519848271853
ka,ka_2083.png,242.31349649234693,52.33805705033268
ka,ka_2071.png,237.79777184311226,60.33204204377468
ka,ka_2037.png,239.43640385841837,57.7768283262104
ka,ka_1537.png,253.69433551198256,14.649631020830293
ka,ka_1509.png,113.98476034858388,8.500159988067368
ka,ka_3840.png,237.09408880739795,61.50931622345667
ka,ka_1535.png,253.25110021786492,17.10725008075431
ka,ka_1507.png,252.6329302832244,19.63315740895521
ka,ka_1530.png,253.14566448801742,17.55088840536897
ka,ka_1576.png,232.1425,71.88961883550435
ka,ka_1574.png,237.81616557734205,63.27174762911407
ka,ka_1532.png,254.06824618736383,13.013294458129685
ka,ka_1545.png,253.10372549019607,17.375775817190526
ka,ka_1569.png,252.88244008714597,18.66688179539331
ka,ka_2038.png,239.26139987244898,51.677429019898845
ka,ka_2102.png,242.00870934311226,47.3543974594288
ka,ka_1555.png,254.14445054945054,11.929722261348024
ka,ka_2028.png,242.90513392857142,51.297099600323726
ka,ka_1534.png,253.05635076252725,17.74527937396231
ka,ka_2054.png,239.30827487244898,57.78860020403499
ka,ka_3831.png,243.67472496811226,44.52102307964146
ka,ka_2064.png,239.30584343112244,57.794676052491866
ka,ka_1577.png,252.98280566280567,18.901843259712603
ka,ka_1575.png,252.8089703989704,18.79057636007429
ka,ka_3849.png,237.09378985969389,64.10413384317462
ka,ka_3847.png,240.24226721938774,56.23127753178978
ka,ka_2091.png,234.48297991071428,58.680161870761786
ka,ka_2041.png,239.32820471938774,57.857531263281174
ka,ka_3845.png,237.09426817602042,61.495888174956924
ka,ka_1542.png,241.20440087145968,57.06122506105991
ka,ka_2013.png,245.57250478316325,45.52259138365763
ka,ka_2046.png,239.41001674107142,60.223443907348766
ka,ka_3846.png,240.8906847895408,55.008243346415696
ka,ka_3833.png,243.67440609056123,51.77719445238379
ka,ka_2010.png,245.5734016262755,45.53015452355181
ka,ka_2113.png,238.2599250637755,59.60258746283413
ka,ka_3832.png,243.67606026785714,49.657552320500095
ka,ka_3848.png,240.24119100765307,56.22018149319174
ka,ka_2058.png,236.1915058992347,65.54589146172506
ka,ka_3844.png,237.2354113520408,61.298620481617796
ka,ka_2052.png,239.32676977040816,57.84954864367873
ka,ka_2053.png,237.14614556760205,61.386043683454616
ka,ka_2040.png,239.41029575892858,51.469655170830855
ka,ka_2034.png,239.4102558992347,57.67919889266354
ka,ka_2110.png,242.31222098214286,52.321316725352354
ka,ka_2051.png,239.32906170280611,57.834756447802334
ka,ka_1529.png,253.11836638338056,17.46165454330839
ka,ka_2036.png,242.90457589285714,51.29903101749743
ka,ka_2088.png,237.89261798469389,60.222031093709944
ka,ka_3837.png,240.8898078762755,57.36300223650171
ka,ka_3839.png,240.2404336734694,56.24686276118155
ka,ka_1572.png,252.92650326797386,18.4441780192435
ka,ka_2032.png,239.41212930484693,57.66141361101925
ka,ka_1525.png,252.889302832244,18.189476923644264
ka,ka_3852.png,237.09572305484693,55.27166702375903
ka,ka_2047.png,237.14660395408163,54.75194081987781
ka,ka_2065.png,236.19240274234693,56.07844597237948
ka,ka_3835.png,243.67466517857142,49.65054644697838
ka,ka_2092.png,237.89265784438774,60.23598294942622
ka,ka_2107.png,237.7995455994898,53.83920350429781
ka,ka_2015.png,242.45731026785714,46.64210822356017
ka,ka_2062.png,236.19196428571428,62.84394503668778
ka,ka_3834.png,243.67546237244898,49.65087599620523
ka,ka_2059.png,239.30769690688774,51.64257860036492
ka,ka_1541.png,252.02220043572984,22.02912727089124
ka,ka_3851.png,240.88968829719389,54.999236939701234
ka,ka_1578.png,252.67462820512822,19.513829214969558
ka,ka_2011.png,239.26147959183675,57.893814399899334
ka,ka_2045.png,237.14698262117346,61.397050383728384
la,la_1336.png,244.8101984126984,48.828767330419595
la,la_1304.png,253.66988017429193,14.835281034895655
la,la_1324.png,253.41914069877242,15.991832370513583
la,la_3475.png,241.888671875,47.48309692726124
la,la_1269.png,240.56762527233116,58.199560355000564
la,la_1275.png,253.5389760348584,15.208137851280977
la,la_1271.png,252.83641612200435,18.77056996896312
la,la_3476.png,237.83601721938774,60.212931444626705
la,la_1300.png,253.64316993464053,15.059146395774867
la,la_1325.png,253.74476034858387,14.215924545115405
la,la_3483.png,240.75998485331633,57.8161427591989
la,la_1321.png,253.6677450980392,14.805024353700816
la,la_1266.png,225.62914682539682,80.7536254509879
la,la_1331.png,254.03308278867104,12.711360146377874
la,la_3489.png,240.76052295918367,55.42413580990671
la,la_1303.png,253.26804563492064,16.85109290500636
la,la_1335.png,253.58987724268178,15.125235948464876
la,la_1334.png,237.25165577342048,64.15142644312446
la,la_3493.png,242.10194116709184,52.94065509410603
la,la_1265.png,169.8208605664488,11.149275820838865
la,la_3482.png,237.83635602678572,62.8177108648247
la,la_3474.png,240.8484733737245,55.08804534937638
la,la_1341.png,252.94217864923746,18.39281944178742
la,la_1285.png,253.70352941176472,14.665168245081354
la,la_3414.png,239.11527423469389,58.165231039153106
la,la_1270.png,253.4740413943355,15.8134027089605
la,la_1267.png,252.76287581699347,19.698641969267335
la,la_3471.png,239.83225047831633,59.417874734258085
la,la_1264.png,253.85686274509803,13.990249941498742
la,la_1288.png,253.3658496732026,16.272352462696116
la,la_3514.png,241.47670200892858,53.91512973385966
la,la_3455.png,244.9620735012755,46.80351795119124
la,la_3441.png,240.8887715242347,55.06545528107108
la,la_3437.png,242.43959263392858,52.154221277474925
la,la_1327.png,253.8891176470588,14.168189202509197
la,la_3439.png,240.88922991071428,55.05628539902461
la,la_3442.png,242.43969228316325,52.16396907578538
la,la_1329.png,252.71665577342048,19.36781884160093
la,la_3507.png,239.35066565688774,57.72433311494548
la,la_3413.png,241.5850207270408,53.667333295568234
la,la_3872.png,240.92271205357142,54.966578413190675
la,la_1311.png,253.4977559912854,15.727827197083874
la,la_1320.png,253.870174291939,13.844102720794663
la,la_1310.png,253.3304357298475,16.407512149316396
la,la_3416.png,239.11525430484693,60.71233953097212
la,la_3431.png,241.7507174744898,53.550184026823466
la,la_3463.png,240.9814453125,57.27015148598263
la,la_3454.png,244.9619140625,46.82008352381407
la,la_3515.png,239.3503866390306,57.74354631224747
la,la_3459.png,240.98132573341837,54.83286865537061
la,la_3473.png,244.9612962372449,46.82151260388965
la,la_3854.png,242.4732740752551,46.531036092535544
la,la_1286.png,169.76143790849673,11.664347804190555
la,la_3428.png,241.75051817602042,55.6879074507471
la,la_3487.png,229.19102758290816,73.67531484094808
la,la_1294.png,252.62918300653595,19.778206470364633
la,la_3868.png,242.4713807397959,51.98679573946467
la,la_3438.png,240.8885722257653,57.485274291333546
la,la_1277.png,253.75450980392156,14.445415113039509
la,la_3419.png,241.7515943877551,53.56261792734638
la,la_3873.png,241.68285634566325,53.55313718478462
la,la_3427.png,237.78103077168367,60.35133391865907
la,la_3504.png,240.84713807397958,55.07086647044472
la,la_3864.png,240.9200215242347,54.95026269730985
la,la_3456.png,240.98112643494898,54.85628275001426
la,la_3453.png,241.8903260522959,53.15439827791474
la,la_3492.png,240.8469387755102,57.484525162578926
la,la_1309.png,253.9943315018315,12.685906016436986
la,la_1312.png,253.4221677559913,15.62294339881081
la,la_3511.png,229.19096779336735,73.68965450789699
la,la_1322.png,253.53099150141642,15.564108273350985
la,la_3460.png,239.83292809311226,56.91860580921601
la,la_3457.png,242.43869579081633,46.55839024208465
la,la_3859.png,238.9149394132653,61.008531821922105
la,la_3433.png,237.77967554209184,60.35430263834595
la,la_3429.png,241.75203284438774,48.24862508793875
la,la_1333.png,253.79125272331154,14.102212768449926
la,la_3452.png,237.8357382015306,60.21062298119413
la,la_1314.png,253.28223311546842,16.904633384713886
la,la_3495.png,239.3502869897959,57.73301612652501
la,la_3863.png,240.92348931760205,54.94708313516909
la,la_3464.png,240.98046875,54.854092260529676
la,la_1290.png,253.68187363834423,14.715083275072272
la,la_1297.png,253.85796296296297,13.917383441708868
la,la_1313.png,253.09289760348585,17.235486069648665
la,la_3508.png,229.1925821109694,73.69695456980536
la,la_1280.png,254.0099128540305,13.143644545231863
la,la_1302.png,241.76126361655773,55.986643078472746
la,la_1301.png,253.28620915032678,16.49427448717333
la,la_1340.png,253.74589285714285,14.096293451959578
la,la_3458.png,239.83400430484693,56.92550922532989
la,la_3450.png,240.8896484375,49.119005868928035
la,la_3865.png,241.68191964285714,55.84452629950399
la,la_3469.png,237.83627630739795,60.19102609464898
la,la_3462.png,239.83272879464286,56.917160851483125
la,la_1287.png,253.82391067538126,14.01659323073702
la,la_3858.png,238.91615513392858,58.55984618859194
la,la_1339.png,253.2624183006536,16.974029997902292
la,la_3860.png,239.05789620535714,58.33796274495889
la,la_3445.png,242.43829719387756,54.44070240442049
la,la_1330.png,252.09729847494555,15.96841208207301
la,la_1279.png,253.4566557734205,16.257877438164005
la,la_3861.png,238.99962133290816,58.446892148903345
la,la_3415.png,239.11623086734693,58.15699109713475
la,la_1323.png,253.33463293650794,16.332970567041254
la,la_3420.png,237.78121014030611,53.779081204439734
la,la_3443.png,242.4401307397959,52.14439671634411
la,la_1305.png,253.7314164305949,14.439411259520966
la,la_3876.png,242.4716796875,51.977556401932
la,la_1284.png,240.80998910675382,57.814134486344344
la,la_3418.png,241.58494100765307,53.678972778650824
la,la_3506.png,240.8466796875,55.103360797958494
la,la_3488.png,242.10168207908163,52.952936621605154
la,la_3498.png,240.84767617984693,49.200368649958556
la,la_3444.png,240.88843271683675,55.071915574199295
la,la_3423.png,242.43985172193877,52.16773319446545
la,la_1298.png,252.83565359477123,19.688881190831285
la,la_3426.png,237.78210698341837,60.35751214616029
la,la_3467.png,244.96047911352042,46.82307171091187
la,la_3497.png,241.4794323979592,53.90377097491031
la,la_1289.png,252.36281397544855,19.463330806795692
la,la_1296.png,252.63704793028322,19.449754214326273
la,la_3517.png,239.35010762117346,51.48123749951434
la,la_3465.png,239.8323301977041,56.912456898278144
la,la_3448.png,242.4420240752551,52.16082687623009
la,la_1293.png,253.04398692810457,17.61233920197446
la,la_1319.png,252.22001089324618,21.347261956237006
la,la_1342.png,253.40020697167756,16.095176409746692
la,la_1338.png,253.64187363834424,14.884112334140664
la,la_1273.png,253.89169934640523,13.641798383105273
la,la_1274.png,253.09350762527234,17.783187493060417
la,la_3470.png,241.88889110331633,53.17943331653623
la,la_3871.png,241.68142139668367,53.52857112345866
la,la_3867.png,242.47377232142858,51.975404486005466
la,la_3491.png,240.76028380102042,49.55282389509332
la,la_3870.png,241.6829759247449,53.52397602576701
la,la_3856.png,242.47299505739795,51.98799421727699
la,la_3451.png,237.83737244897958,53.706951896964064
la,la_3446.png,242.4384765625,52.156508516991096
la,la_3496.png,241.47706074617346,56.28830498424888
la,la_1306.png,253.30701415701415,16.979001785680808
la,la_1326.png,253.06903050108932,17.923815279674624
la,la_3480.png,241.88885124362244,53.172305079721205
la,la_1299.png,253.4829193899782,15.516752917630404
la,la_3857.png,238.91796875,52.534449558866655
la,la_3512.png,229.1890943877551,68.56228981845088
la,la_1318.png,253.7483551198257,14.324101659856627
ma,ma_1055.png,253.2834531590414,17.685267450839383
ma,ma_1027.png,253.8858073654391,13.407434574672704
ma,ma_1097.png,253.49337690631808,15.763804675076903
ma,ma_4026.png,246.3749402104592,43.56230310291999
ma,ma_1093.png,253.57331154684096,15.247379364560208
ma,ma_4038.png,240.09125876913265,56.40137496000561
ma,ma_1104.png,253.5530065359477,15.50094595124438
ma,ma_1095.png,253.43797385620914,16.432385004633165
ma,ma_1047.png,253.39298474945534,16.181489290743112
ma,ma_1061.png,234.10235119047618,69.28481167898589
ma,ma_1036.png,253.65461873638344,14.696192555120028
ma,ma_1028.png,253.07051282051282,17.71210877261408
ma,ma_2369.png,242.09131855867346,55.14091908733334
ma,ma_2363.png,241.27977519132654,48.56271802554448
ma,ma_4035.png,243.0252311862245,50.92468734745174
ma,ma_2377.png,246.41001674107142,38.92412832134958
ma,ma_4041.png,246.37559789540816,43.557728809475854
ma,ma_4044.png,240.09119897959184,58.843324885996864
ma,ma_2378.png,241.2779615752551,54.327313542725165
ma,ma_1103.png,253.30936819172112,9.108686475974125
ma,ma_2370.png,246.40991709183675,43.41472452600783
ma,ma_4036.png,246.3768534757653,43.54887330555831
ma,ma_1074.png,253.74307189542483,14.54262163979486
ma,ma_1037.png,238.57919389978213,61.93347476893001
ma,ma_1030.png,236.52708974358976,65.17412877068315
ma,ma_2367.png,246.40838249362244,43.42119262291514
ma,ma_2337.png,239.8800422512755,56.832970245990424
ma,ma_1076.png,253.58155773420478,15.200838247025855
ma,ma_1059.png,253.6037271062271,15.20658327019478
ma,ma_1071.png,253.38734204793028,16.768177432767473
ma,ma_1048.png,253.56763616557734,15.305249233752317
ma,ma_1029.png,253.68383442265795,14.26049268181642
ma,ma_1065.png,253.79972766884532,14.016782266662373
ma,ma_1033.png,253.77480642115202,14.047311661163853
ma,ma_2347.png,241.27887834821428,54.3083266636989
ma,ma_4037.png,240.0910794005102,56.40606923184961
ma,ma_2362.png,241.2780612244898,54.321731709413655
ma,ma_1060.png,254.00809368191722,12.95916285153383
ma,ma_2371.png,242.38689811862244,52.190356481694664
ma,ma_2339.png,242.8522799744898,51.250834732805764
ma,ma_2361.png,243.3388073979592,52.44047248434431
ma,ma_1058.png,253.55770152505445,15.12397941425065
ma,ma_1052.png,253.82132098765433,14.006471598873622
ma,ma_4040.png,240.0929727359694,50.34804749464642
ma,ma_4025.png,243.02650669642858,45.552183372027514
ma,ma_1101.png,253.8135403050109,14.282838312286229
ma,ma_2379.png,235.5430285395408,64.9485175432842
ma,ma_2365.png,242.0929328762755,52.80252510671292
ma,ma_2364.png,242.09026227678572,52.80199829965672
ma,ma_4043.png,240.16555723852042,56.24752363384368
ma,ma_1035.png,253.62381263616558,14.933353300631982
ma,ma_4027.png,241.35534917091837,54.18556833341039
ma,ma_1051.png,254.00901960784313,12.566281148957643
ma,ma_1073.png,253.76921568627452,14.242392229604157
ma,ma_2373.png,242.0917370854592,47.193094329440925
ma,ma_1034.png,253.26431539187914,16.782542007144972
ma,ma_4032.png,241.35385443239795,54.19326602816626
ma,ma_2372.png,242.09317203443877,52.8150870752538
ma,ma_1041.png,253.17591503267974,17.176706293304967
ma,ma_1032.png,253.05942084942086,17.74839476633596
ma,ma_1096.png,253.505,15.6946923466866
ma,ma_2376.png,246.40941884566325,43.38925256666996
ma,ma_1056.png,253.1244008714597,17.286028127707496
ma,ma_4039.png,246.37657445790816,45.43310998569539
ma,ma_2374.png,242.09243463010205,52.79559853786876
ma,ma_1064.png,253.54905571293673,15.199849707140313
ma,ma_1063.png,253.69862745098038,14.80512049553637
ma,ma_4024.png,246.37735172193877,43.53871476244096
ma,ma_2417.png,241.1168287627551,54.61179693758417
ma,ma_2401.png,235.5430683992347,60.57938350116189
ma,ma_1072.png,252.09412653446648,19.61299692096925
ma,ma_2386.png,240.29924665178572,56.126476087414744
ma,ma_4023.png,243.02578922193877,50.92341239490479
ma,ma_2431.png,240.03009406887756,56.570008197334644
ma,ma_1089.png,253.34254901960784,17.126450196545193
ma,ma_1083.png,253.34151416122003,16.66544119335547
ma,ma_2399.png,242.6506497130102,51.65727630845288
ma,ma_4031.png,241.35610650510205,54.18354810772572
ma,ma_1075.png,253.5791595845137,15.163736314326222
ma,ma_1068.png,254.08201525054466,12.2618887696881
ma,ma_2357.png,243.33900669642858,50.28629441282736
ma,ma_1092.png,253.644651416122,14.935751720407406
ma,ma_2410.png,240.3801817602041,58.45009271254168
ma,ma_1100.png,245.73574074074074,46.86643195008927
ma,ma_2384.png,240.2984693877551,56.09797912018722
ma,ma_2406.png,240.97283561862244,48.973033592693945
ma,ma_1046.png,169.97450980392156,10.685946807951357
ma,ma_2402.png,242.6485371492347,46.1900653941495
ma,ma_1081.png,253.88872521246458,13.455626629323476
ma,ma_1087.png,253.50737472766883,15.522970893226399
ma,ma_2348.png,241.92976721938774,55.4038272509486
ma,ma_2426.png,242.6476602359694,51.65242120266552
ma,ma_4029.png,241.35632573341837,48.435350563774534
ma,ma_2389.png,235.54221141581633,64.9471473389658
ma,ma_2411.png,243.53439891581633,49.86930595794718
ma,ma_2332.png,242.85112404336735,51.258519913199635
ma,ma_2388.png,235.54282924107142,64.95004027699012
ma,ma_1066.png,253.5390522875817,15.511814317337823
ma,ma_2418.png,240.38207509566325,55.960692418420614
ma,ma_2416.png,240.97098214285714,57.088770048206754
ma,ma_1086.png,253.02657952069717,18.15697983208555
ma,ma_2393.png,242.3857421875,52.202646387505254
ma,ma_1067.png,253.83521786492375,13.828892247440319
ma,ma_2434.png,240.02778220663265,56.56758371413912
ma,ma_1085.png,253.59356209150326,15.360886155332361
ma,ma_1062.png,253.42610021786493,15.764099289331433
ma,ma_2423.png,242.6472616390306,51.655231990025406
ma,ma_1080.png,253.83608120868743,13.878338749188247
ma,ma_2356.png,241.9309630102041,47.510292935182974
ma,ma_2346.png,239.5511399872449,57.38664736169896
ma,ma_1102.png,254.00869047619048,12.638310360223704
ma,ma_1039.png,253.5233551198257,15.570306472421528
ma,ma_2333.png,239.54946588010205,59.910007252069605
ma,ma_2350.png,241.92885044642858,53.100908777497665
ma,ma_2335.png,239.87902582908163,56.83745215901696
ma,ma_2392.png,240.29793128188774,56.11532404201461
ma,ma_2415.png,243.53529575892858,49.86924218785086
ma,ma_1050.png,253.93211328976034,13.122645418021547
ma,ma_2394.png,242.38649952168367,52.19489277933248
ma,ma_1082.png,254.2714488017429,11.276200073475632
ma,ma_2437.png,241.1164102359694,54.63181477037593
ma,ma_2408.png,243.5357740752551,44.67436517254758
ma,ma_1084.png,253.58274509803923,15.093293561950796
ma,ma_2382.png,242.38626036352042,46.66948973878723
ma,ma_2360.png,241.2800741390306,54.31566907302505
ma,ma_2334.png,239.54914700255102,51.256047195554956
ma,ma_1042.png,253.45850707850707,16.16799961075578
ma,ma_2430.png,240.02879862882654,56.56484896640125
ma,ma_2345.png,239.87902582908163,56.847872764864974
ma,ma_2395.png,240.97221779336735,54.73985381616223
ma,ma_2390.png,240.2980110012755,50.12796579981636
ma,ma_2358.png,242.85222018494898,45.873977584780754
ma,ma_2428.png,240.03087133290816,56.5723612972381
ma,ma_1049.png,253.46263616557735,16.188165020549683
ma,ma_2427.png,240.0295958227041,50.51830077835587
ma,ma_2383.png,240.29709422831633,56.11614782504503
ma,ma_2381.png,235.5421516262755,66.68167639750615
ma,ma_2342.png,239.54874840561226,57.37033488211314
ma,ma_2412.png,243.53501674107142,49.88742598048076
ma,ma_1098.png,253.97346405228757,13.069209669189947
ma,ma_2338.png,239.54761240433675,57.38846704549541
ma,ma_1088.png,253.5304248366013,15.493793480643177
ma,ma_2352.png,241.9289700255102,53.121671723692636
ma,ma_2424.png,240.9915098852041,54.83012349308945
ma,ma_2375.png,246.40904017857142,45.27988773183204
ma,ma_1091.png,253.50624183006536,15.660038377927528
ma,ma_2407.png,240.97247688137756,54.72459000820336
na,na_1224.png,253.33995642701524,16.317195121802698
na,na_1191.png,240.1435403050109,58.95930777682931
na,na_1185.png,253.84321350762528,13.837211194402949
na,na_1230.png,253.82472766884533,14.091643666447574
na,na_3167.png,243.7431640625,49.47214133793015
na,na_1192.png,253.5730065359477,15.46328165790708
na,na_1195.png,253.26936819172113,17.416460756000525
na,na_3146.png,243.74360251913265,49.50441183796012
na,na_1223.png,223.17541394335512,83.77767239049149
na,na_1197.png,253.76099816849816,13.972914435846892
na,na_1258.png,253.54088235294117,15.387828200814859
na,na_3145.png,245.51219706632654,45.57752512701311
na,na_1216.png,253.15867102396516,17.067790250323256
na,na_3148.png,242.75366709183675,51.52865024607708
na,na_3106.png,243.33067602040816,50.341367254026096
na,na_1251.png,253.71026785714287,14.526364022492583
na,na_3166.png,242.9449537627551,45.759137621972975
na,na_1217.png,253.47761437908497,15.760110009496353
na,na_1232.png,253.4405337690632,15.915196480657185
na,na_1242.png,253.6023984891407,15.256266252580588
na,na_3168.png,242.94499362244898,53.28740336093973
na,na_1190.png,253.94372049102927,13.004502951564417
na,na_1240.png,242.2969825708061,54.769974954097464
na,na_1207.png,253.81663833805476,13.974682856408204
na,na_1193.png,253.9082679738562,13.46946297110367
na,na_1241.png,253.9291029272899,13.359454714257794
na,na_1200.png,253.73294117647058,14.463318031270136
na,na_1221.png,253.74980392156863,14.253812507028371
na,na_1260.png,246.5416765873016,44.73985950955911
na,na_1234.png,253.45797385620915,15.79854515486188
na,na_3164.png,242.9445352359694,51.1159690114308
na,na_1238.png,254.310989010989,10.456356538591741
na,na_1218.png,253.73238562091504,14.343760653680624
na,na_1255.png,253.2472549019608,16.81066220956604
na,na_1188.png,254.00717948717949,12.903123954904222
na,na_1245.png,253.7975816993464,14.12887487604491
na,na_1205.png,253.15644880174293,17.38936365186713
na,na_1253.png,253.3323701605288,16.394071003589204
na,na_1214.png,253.76244570349385,14.257256935387348
na,na_1231.png,253.6564596949891,14.624622881904271
na,na_1247.png,252.5670043572985,13.708312069116852
na,na_1243.png,253.4226688453159,16.55521659064307
na,na_1199.png,253.91236383442265,13.323574846859552
na,na_1213.png,239.0491794871795,60.93777757043814
na,na_1233.png,253.84929193899782,13.667203063750666
na,na_1225.png,253.61469498910677,14.850121357037223
na,na_1259.png,253.70133986928104,14.731021406161984
na,na_3163.png,241.65411750637756,53.55639339038388
na,na_1220.png,253.93007554296506,13.336702788157126
na,na_1206.png,253.25229847494555,17.007475453356786
na,na_1208.png,253.37144880174293,15.80704834628118
na,na_1187.png,240.79890873015873,57.963294854558
na,na_3130.png,243.49631297831633,44.745945555016526
na,na_3093.png,243.05092075892858,50.94369932568451
na,na_3121.png,233.75896843112244,67.59603119119244
na,na_3129.png,233.75924744897958,67.5743684751572
na,na_3119.png,244.3026347257653,43.26297975365732
na,na_3179.png,242.4958944515306,52.06238499614005
na,na_3172.png,241.65427694515307,47.88462525093691
na,na_3193.png,242.49513711734693,46.52390513138166
na,na_3098.png,243.33093510841837,45.03978405023747
na,na_3184.png,242.49445950255102,52.05879898626335
na,na_1209.png,254.10474074074074,12.399681088867736
na,na_1210.png,253.63237472766883,15.143922967890473
na,na_3774.png,243.8006218112245,49.39429224230724
na,na_3128.png,233.75938695790816,67.57226445166282
na,na_3112.png,243.3299784757653,52.53257036531144
na,na_1239.png,253.5470697167756,15.52178615507704
na,na_1229.png,253.1544989106754,20.690857058528234
na,na_3149.png,245.51229671556123,40.90058762242498
na,na_3158.png,244.30147879464286,48.30910247954824
na,na_3759.png,241.12866709183675,54.55943082231044
na,na_3118.png,244.3026745854592,48.32776086810938
na,na_3763.png,241.12882653061226,54.567708315837834
na,na_3765.png,247.30799585459184,37.01481897593735
na,na_3174.png,244.99647241709184,46.651159935912716
na,na_1194.png,253.66066448801743,14.581035807614754
na,na_3132.png,243.49477838010205,50.02194285569748
na,na_1261.png,253.32836550836552,16.42929943980022
na,na_3762.png,241.12707270408163,54.55554594137567
na,na_3142.png,242.5577168367347,51.90865157658115
na,na_3095.png,245.62342554209184,45.37273741196862
na,na_3780.png,247.3075573979592,42.943365130157915
na,na_3776.png,243.79948580994898,49.404748696583795
na,na_3150.png,242.56108498086735,51.87468319121464
na,na_1249.png,253.42239651416122,15.873345093356924
na,na_3151.png,242.75332828443877,53.75778152177178
na,na_3187.png,244.99689094387756,46.65602200412704
na,na_1226.png,253.01037037037037,18.119334552137417
na,na_3768.png,239.24766820790816,57.84837297593267
na,na_3114.png,240.46749441964286,58.373097113870074
na,na_1246.png,253.40360566448803,16.337443462629288
na,na_1254.png,253.97864923747278,12.86451358280917
na,na_3101.png,243.05147879464286,45.5496980520333
na,na_3127.png,243.4957948022959,50.01537971227191
na,na_3767.png,239.24826610331633,57.86284252354835
na,na_3190.png,244.9969706632653,41.81218768461691
na,na_3771.png,239.24623325892858,57.857138514812924
na,na_3140.png,242.56046715561226,51.88016758412868
na,na_3137.png,242.9446348852041,51.10702473666077
na,na_3138.png,245.51223692602042,45.57909490139752
na,na_3089.png,233.75803172831633,67.57932131671035
na,na_3108.png,245.1198182397959,46.47698318495529
na,na_3088.png,243.05046237244898,53.12861936749256
na,na_3773.png,239.24649234693877,60.35555612986132
na,na_3116.png,244.30219626913265,50.38970910573493
na,na_3102.png,245.62234933035714,45.3638416246065
na,na_1222.png,253.79842047930282,13.871413360441158
na,na_1256.png,253.19933551198258,17.440809129391543
na,na_3117.png,240.46857063137756,49.83694643523171
na,na_3173.png,244.30102040816325,48.27514953611514
na,na_3183.png,239.79268973214286,56.99179417922036
na,na_3103.png,245.62189094387756,45.334396212702
na,na_3760.png,247.3068000637755,41.20219650077802
na,na_3772.png,243.80034279336735,49.41008784462556
na,na_3133.png,242.75496253188774,51.52668636126954
na,na_3155.png,242.75394610969389,46.0765216027211
na,na_3090.png,243.04976482780611,50.92099761191125
na,na_1262.png,252.82729487179486,18.794154331633433
na,na_3113.png,240.46524234693877,55.90649426121283
na,na_3091.png,245.62157206632654,45.35854065144301
na,na_1244.png,253.38731455399062,16.236492446547174
na,na_3775.png,239.24637276785714,57.85207731418468
na,na_1250.png,223.88311546840958,82.9252305052337
na,na_3182.png,244.30143893494898,43.28820275329745
na,na_3157.png,242.94393734056123,51.10055193594355
na,na_3761.png,247.30974968112244,41.175908904845635
na,na_3180.png,239.79320790816325,57.00582172239112
na,na_3162.png,243.74360251913265,49.46875633452504
na,na_3171.png,239.7940449617347,50.89468857541059
na,na_3135.png,245.51205755739795,45.55973690242143
na,na_3779.png,241.12826849489795,56.90395975537358
na,na_3120.png,243.49669164540816,50.00350383346818
na,na_3134.png,243.49561543367346,52.17874006802773
na,na_3144.png,242.5595703125,46.36462370343398
na,na_3123.png,245.1211535395408,46.45521267490466
na,na_3186.png,242.49386160714286,54.318268498519686
na,na_3094.png,243.05044244260205,50.93587767585564
na,na_3125.png,242.75324856505102,51.52412106990807
na,na_3104.png,243.32944036989795,50.347654633976454
na,na_1219.png,253.86119825708062,13.726905099790201
na,na_3126.png,243.49643255739795,50.01980502241073
na,na_3139.png,245.51159917091837,47.49124710600601
na,na_1204.png,253.8962962962963,13.311828548734443
na,na_3777.png,243.79972496811226,44.191484760515785
na,na_1186.png,114.30673202614379,7.014382236923136
na,na_3131.png,245.1198580994898,48.44771600079977
nga,nga_0005.png,253.42022875816994,16.159976998515496
nga,nga_0056.png,253.71041394335512,14.429898776351601
nga,nga_0009.png,253.35450704225352,16.205037930670127
nga,nga_2481.png,246.76450892857142,42.619387815213194
nga,nga_0047.png,253.95528322440086,12.850140694886948
nga,nga_0000.png,244.6516448801743,49.75136053707487
nga,nga_3971.png,244.27917729591837,48.27603710969901
nga,nga_0040.png,253.7046726190476,14.495315129596653
nga,nga_0036.png,253.29313725490195,16.71422810997612
nga,nga_0001.png,170.04562091503269,10.121531084722122
nga,nga_0054.png,253.4804365079365,15.915176139631397
nga,nga_0002.png,253.01018518518518,17.966282714091314
nga,nga_2478.png,244.92556202168367,46.97311096766964
nga,nga_0055.png,240.87403050108932,57.68728175180319
nga,nga_3973.png,244.29747289540816,48.24146636287897
nga,nga_2482.png,244.9268176020408,46.958018167608884
nga,nga_2479.png,244.9263990752551,48.99615078359966
nga,nga_0031.png,253.81745098039215,14.004450290002708
nga,nga_0034.png,253.53000944287064,15.522745086294343
nga,nga_0077.png,239.92242307692308,59.41429202814439
nga,nga_2503.png,242.50243144132654,51.96899748968602
nga,nga_2464.png,244.2890027104592,50.33867445889899
nga,nga_2453.png,243.72498804209184,44.26591221623019
nga,nga_0015.png,253.8774183006536,13.441866112138543
nga,nga_0045.png,254.3367973856209,10.832542403722513
nga,nga_3955.png,247.26608338647958,41.253507629717554
nga,nga_0041.png,253.8149128540305,13.960419533613488
nga,nga_2454.png,244.28812579719389,48.28663213953017
nga,nga_2502.png,243.45115194515307,52.283598790782335
nga,nga_2498.png,245.82543447066325,40.1387878386076
nga,nga_2450.png,242.73981584821428,51.52915284836012
nga,nga_2538.png,242.50376674107142,46.44867809989298
nga,nga_2443.png,246.23975605867346,43.94005043260162
nga,nga_2526.png,245.48577008928572,45.629522560273614
nga,nga_3962.png,244.2782206632653,50.33589186372497
nga,nga_3952.png,247.26684072066325,41.23098333243016
nga,nga_0033.png,253.64832244008716,14.761460759874456
nga,nga_0057.png,253.85290849673203,13.769323052926515
nga,nga_2475.png,246.76301419005102,42.578088197824826
nga,nga_0012.png,253.47598039215686,16.477679838568317
nga,nga_3958.png,247.26729910714286,42.985965007975715
nga,nga_0032.png,253.56368191721134,15.597236542114604
nga,nga_2469.png,245.4073262117347,45.82464250670634
nga,nga_0028.png,253.3431699346405,16.605355239538024
nga,nga_0007.png,254.16444444444446,11.92795844193769
nga,nga_0021.png,253.84633986928105,13.890079871888851
nga,nga_0076.png,253.6530936819172,14.852167092227662
nga,nga_0069.png,253.6798326898327,14.889586852085717
nga,nga_0024.png,253.01844226579522,17.90428004028165
nga,nga_3967.png,243.99437978316325,48.90538146664288
nga,nga_0064.png,253.9283531746032,12.995855019381812
nga,nga_2466.png,243.36136798469389,44.953707427282346
nga,nga_0070.png,254.02590179414543,12.55037289431631
nga,nga_2445.png,246.23963647959184,43.93707738564131
nga,nga_0044.png,253.20261437908496,17.29357600216912
nga,nga_2489.png,245.8244778380102,44.794907842975874
nga,nga_2501.png,243.7333386479592,49.464905003357536
nga,nga_2514.png,243.73403619260205,49.4658070358557
nga,nga_0071.png,254.11357298474945,12.128452785592318
nga,nga_0029.png,253.84687363834422,13.827371147121271
nga,nga_0022.png,254.1020697167756,12.144444567069922
nga,nga_0058.png,253.65570806100217,15.216782927694812
nga,nga_2456.png,243.72502790178572,49.52870458959652
nga,nga_2440.png,246.24041374362244,39.234678418629294
nga,nga_2519.png,245.48636798469389,45.63743904458554
nga,nga_0066.png,253.5599485199485,15.589324862725759
nga,nga_3951.png,245.84913105867346,40.13256391741627
nga,nga_2523.png,242.50279017857142,54.227398998696984
nga,nga_3966.png,243.99170918367346,48.93576356303289
nga,nga_2507.png,243.73395647321428,49.47356386700704
nga,nga_0060.png,253.8468954248366,13.926132984576038
nga,nga_0046.png,253.8042265795207,14.167826004114621
nga,nga_2477.png,244.92574139030611,46.95629500539172
nga,nga_2491.png,245.82471699617346,46.71843056379714
nga,nga_0039.png,253.8432897603486,13.485097708264556
nga,nga_0059.png,254.14397603485838,11.892395214157194
nga,nga_2485.png,237.4528260522959,61.89816813007032
nga,nga_3964.png,247.26795679209184,36.98439172414176
nga,nga_0023.png,243.75993464052289,51.66503154060383
nga,nga_2460.png,243.36202566964286,50.27147776301209
nga,nga_0008.png,254.13642701525055,12.026687548014662
nga,nga_0049.png,253.52659722222222,15.663676479094503
nga,nga_2484.png,246.76277503188774,42.61012127713325
nga,nga_2512.png,242.17155612244898,54.89733091202802
nga,nga_0006.png,254.02828139754484,12.822574484255899
nga,nga_2471.png,246.7637316645408,44.44961615237878
nga,nga_2520.png,244.8736647002551,46.91023763976073
nga,nga_2496.png,237.45075334821428,61.900039111350125
nga,nga_0048.png,253.8431043956044,13.686898131885767
nga,nga_0061.png,253.32135076252723,16.52249214735231
nga,nga_3960.png,247.2673190369898,41.236724694421774
nga,nga_0065.png,253.5743899782135,15.18224653738672
nga,nga_2515.png,243.45047433035714,50.08723634413513
nga,nga_2483.png,244.92582110969389,46.95839603256713
nga,nga_0053.png,253.6332788671024,14.763559674411988
nga,nga_2492.png,244.87476084183675,46.92994674925549
nga,nga_2529.png,245.4866270727041,47.58548275870594
nga,nga_3968.png,244.2776426977041,48.2873498061241
nga,nga_0025.png,254.01831154684095,13.060432777617612
nga,nga_0038.png,254.29228937728936,10.50612620327039
nga,nga_0037.png,253.97441176470588,12.738929960071905
nga,nga_3961.png,243.99366230867346,43.72379727009448
nga,nga_2497.png,244.87258848852042,46.89684449726192
nga,nga_2490.png,245.82657047193877,44.802833635727026
nga,nga_2480.png,245.4060905612245,45.85109174678287
nga,nga_0075.png,253.71889194139195,14.637110941744076
nga,nga_2518.png,243.45149075255102,50.1013632801437
nga,nga_2531.png,243.73379703443877,49.47647343061509
nga,nga_3972.png,243.99334343112244,48.9364162475592
nga,nga_0074.png,253.02339743589744,18.060881477366507
nga,nga_3953.png,245.84921077806123,46.750332332479545
nga,nga_3969.png,244.27800143494898,48.27389692000996
nga,nga_3957.png,247.26833545918367,41.24284568335382
nga,nga_2455.png,244.28820551658163,48.27026373007799
nga,nga_2446.png,242.7402941645408,46.0409412496173
nga,nga_2458.png,246.76405054209184,42.582363074130086
nga,nga_2447.png,243.7258450255102,49.51013675667599
nga,nga_2441.png,242.740234375,51.51387669825805
nga,nga_0020.png,253.81555555555556,14.172194610314301
nga,nga_0068.png,254.10455146364495,12.322429554458578
nga,nga_2486.png,245.82475685586735,44.81797530607097
nga,nga_2500.png,237.45228794642858,63.51189900889089
nga,nga_2487.png,237.4525071747449,61.8771639529283
nga,nga_2534.png,244.29436383928572,43.21178929618131
nga,nga_3965.png,243.99292490433675,51.05367887587166
nga,nga_2516.png,243.73363759566325,44.228898846718764
nga,nga_2470.png,245.40718670280611,47.776689722551154
nga,nga_2465.png,244.2907565369898,48.262756958147854
nga,nga_2473.png,246.76422991071428,38.14312592907166
nga,nga_2442.png,242.74145009566325,51.52223706934089
nga,nga_0014.png,253.4803376906318,15.585101437400708
nga,nga_0073.png,253.66075163398693,14.809638778249655
nga,nga_0035.png,254.06096949891068,12.690784467047255
nga,nga_0010.png,170.24118736383443,9.097103174740102
nga,nga_3954.png,245.85004783163265,44.82814623105687
nga,nga_2468.png,243.35955436862244,50.2852209051398
nga,nga_0019.png,253.9497072710104,13.18674118096658
nga,nga_2472.png,245.40770487882654,45.83739104524926
nga,nga_2535.png,244.2942442602041,50.398326817632224
nga,nga_2522.png,242.17087850765307,52.63896984666176
nga,nga_0062.png,251.17324618736384,22.580656376718643
nga,nga_2494.png,237.45304528061226,57.76642492681848
nga,nga_2539.png,244.29380580357142,48.3114465612298
nya,nya_3885.png,244.69963727678572,47.42956693900433
nya,nya_3661.png,235.94001116071428,63.286952759164286
nya,nya_0456.png,252.84099128540305,18.572068877011873
nya,nya_3881.png,244.69965720663265,47.42723847642659
nya,nya_0435.png,253.2889433551198,16.727082256051503
nya,nya_0450.png,252.6202505446623,19.666573211874297
nya,nya_0396.png,252.65435729847493,19.68909122478635
nya,nya_0404.png,253.60102396514162,15.142302164982539
nya,nya_3892.png,237.0235371492347,61.459253005766676
nya,nya_3667.png,238.92936862244898,58.8335864765025
nya,nya_0433.png,251.62495642701526,23.88767483421167
nya,nya_0395.png,252.07105664488017,22.00888894931509
nya,nya_0441.png,252.88212301587302,18.595345622658833
nya,nya_0440.png,252.42442265795208,20.747587109204765
nya,nya_0449.png,253.47118055555555,16.032309354835494
nya,nya_0408.png,252.7374183006536,19.227262968636794
nya,nya_0434.png,253.27928104575165,16.497900372302947
nya,nya_3664.png,235.94234295280611,63.274406470178995
nya,nya_3673.png,235.4804089604592,64.05724230882545
nya,nya_0402.png,252.7981917211329,19.431803351196788
nya,nya_0405.png,253.53116557734205,15.741996906850336
nya,nya_3889.png,244.69997608418367,42.45436884833707
nya,nya_0421.png,251.42797385620915,23.934002795072193
nya,nya_0425.png,252.5311328976035,20.06073974480253
nya,nya_3900.png,240.28384088010205,56.13750683378223
nya,nya_3669.png,238.9259406887755,58.82194946947388
nya,nya_3671.png,235.4794323979592,66.63209042656588
nya,nya_3662.png,235.9406289859694,63.27162202105937
nya,nya_0428.png,253.25907407407408,16.996271358779452
nya,nya_0442.png,253.43254901960785,16.246366559945105
nya,nya_3643.png,239.90001195790816,56.82758721226165
nya,nya_0416.png,253.86384531590414,14.133569643866824
nya,nya_3888.png,237.02098612882654,61.47558917850138
nya,nya_3883.png,240.88327088647958,55.101816001885446
nya,nya_0470.png,252.86735294117648,18.959551532150467
nya,nya_0453.png,252.78245098039216,19.653884826261113
nya,nya_3678.png,238.0165417729592,60.0055987420141
nya,nya_3882.png,237.02048788265307,64.21841388797672
nya,nya_3681.png,238.01759805484693,53.495731389370874
nya,nya_0462.png,253.2283660130719,17.055534223731723
nya,nya_3668.png,238.0191725127551,59.93309832333168
nya,nya_0430.png,231.2966339869281,73.16415269252161
nya,nya_3670.png,238.92633928571428,58.82959351231028
nya,nya_0454.png,253.50742919389978,15.788900479712835
nya,nya_3884.png,237.02375637755102,61.44792730027044
nya,nya_0418.png,253.0827668845316,18.518466652484076
nya,nya_0451.png,240.2063616557734,58.57227428271128
nya,nya_3687.png,239.06058673469389,58.20228325413899
nya,nya_3680.png,238.01753826530611,62.57450192324677
nya,nya_0452.png,253.0026906318083,18.28448344385017
nya,nya_3733.png,239.93203922193877,56.71375091355434
nya,nya_3632.png,236.66751036352042,64.89267257549075
nya,nya_3685.png,238.02106584821428,59.947622216289176
nya,nya_0445.png,236.6544008714597,65.16124306886258
nya,nya_3880.png,240.88187579719389,57.53691882624908
nya,nya_3894.png,237.02375637755102,54.683250141427536
nya,nya_0424.png,252.77625272331156,18.77856581600591
nya,nya_0420.png,252.9718954248366,18.072825171984736
nya,nya_0455.png,253.2330972615675,16.84049118867688
nya,nya_0419.png,251.71579342723004,23.116471300856826
nya,nya_0437.png,253.04825708061003,17.85713219318394
nya,nya_0410.png,253.21850802644005,17.12175466358079
nya,nya_3895.png,240.88191565688774,55.11384237754839
nya,nya_3891.png,240.8821946747449,55.122214026721004
nya,nya_0444.png,252.82728758169935,19.210805285089183
nya,nya_0436.png,253.22775259678943,17.243174351327372
nya,nya_0415.png,252.33393246187364,20.610807469280374
nya,nya_3672.png,238.92769451530611,58.82650347483732
nya,nya_3666.png,235.94084821428572,63.26987606235964
nya,nya_3878.png,240.88006218112244,55.106527353369536
nya,nya_0460.png,229.77027233115467,75.18093920358855
nya,nya_3683.png,238.0176777742347,53.464692650089106
nya,nya_0461.png,252.6634640522876,19.66462076940969
nya,nya_3731.png,239.93243781887756,56.71938352871258
nya,nya_0432.png,253.0036274509804,18.254982843221335
nya,nya_3730.png,241.9899354272959,52.97592076360325
nya,nya_3896.png,240.2808912627551,50.12616160707103
nya,nya_0457.png,252.75773420479302,19.332087521477536
nya,nya_3631.png,236.66890545280611,56.03264492098217
nya,nya_0429.png,253.80593956562794,14.177139448644093
nya,nya_0398.png,253.2041394335512,16.957943115747902
nya,nya_3679.png,238.01919244260205,59.987005415104946
nya,nya_3703.png,239.81291852678572,59.54305012312505
nya,nya_3711.png,239.8118821747449,57.00393012750099
nya,nya_3675.png,237.96470424107142,60.095397509972386
nya,nya_0466.png,252.77401544401545,19.478631309684033
nya,nya_0427.png,169.22935729847495,13.78464456308996
nya,nya_3714.png,241.77297911352042,47.65449269198144
nya,nya_0469.png,253.2359477124183,17.166932979896668
nya,nya_0417.png,253.3907952069717,16.40602910788527
nya,nya_3724.png,239.93275669642858,56.699302711369135
nya,nya_3689.png,239.06042729591837,58.21689657551101
nya,nya_0400.png,252.0170697167756,22.326058773234077
nya,nya_0472.png,252.9506209150327,18.32566540910207
nya,nya_3691.png,241.7727200255102,53.4004432952768
nya,nya_3698.png,236.6731106505102,55.3782905963483
nya,nya_3674.png,227.8274473852041,75.42520174229257
nya,nya_0464.png,233.73073076923077,69.60690040380301
nya,nya_0471.png,252.8710764872521,18.727167100342733
nya,nya_3887.png,244.7003547512755,47.45428071150263
nya,nya_3692.png,236.6701211734694,62.11765605422939
nya,nya_3686.png,238.017578125,59.99529014254021
nya,nya_3713.png,240.8306959502551,55.103125931712235
nya,nya_3676.png,238.01909279336735,59.94836507686186
nya,nya_3642.png,235.48054846938774,64.04507929751271
nya,nya_3629.png,236.66768973214286,62.315015956827395
nya,nya_0431.png,252.8310348583878,19.058995720743432
nya,nya_3658.png,238.92785395408163,53.21368625907897
nya,nya_3630.png,227.8258131377551,75.43462814610817
nya,nya_3728.png,240.8291015625,49.25214540552283
nya,nya_0473.png,253.04511904761904,17.597348466821657
nya,nya_3635.png,237.96605947066325,53.54576714247288
nya,nya_3712.png,239.81206154336735,57.02115907728131
nya,nya_3653.png,242.20852598852042,52.59132211536385
nya,nya_0397.png,251.84081699346405,22.395433819808048
nya,nya_3704.png,236.63087930484693,62.19216994111971
nya,nya_3657.png,235.94188456632654,56.31143409221958
nya,nya_3690.png,236.6716757015306,64.78991067459008
nya,nya_0443.png,252.54125992063493,20.045098557761637
nya,nya_3634.png,239.8986367984694,56.810882518263405
nya,nya_3722.png,241.99035395408163,52.9667754303777
nya,nya_3654.png,227.82669005102042,77.54783241660353
nya,nya_3727.png,239.93243781887756,50.627575946252044
nya,nya_3639.png,242.20715082908163,52.64364286836899
nya,nya_3645.png,242.20727040816325,46.99986438944116
nya,nya_0403.png,252.3666339869281,21.616100168423227
nya,nya_0465.png,253.26271241830065,16.777874463408335
nya,nya_0458.png,252.25816993464053,21.09257976800366
nya,nya_3636.png,236.66625478316325,62.32769538158152
nya,nya_3897.png,240.2802734375,56.121967299278666
nya,nya_3720.png,239.93201929209184,59.16348285925951
nya,nya_3707.png,236.63215481505102,64.93387526488837
nya,nya_3699.png,239.81315768494898,57.02517516452685
nya,nya_0401.png,253.06436813186812,17.63292649194511
nya,nya_3708.png,236.63321109693877,62.181607635582154
nya,nya_3696.png,239.05949059311226,58.22370607057357
nya,nya_3709.png,239.81305803571428,50.80642811537035
nya,nya_0411.png,236.1938888888889,65.9384708549507
nya,nya_3705.png,240.82864317602042,55.109486100556644
nya,nya_3649.png,239.89959343112244,56.81130939762308
nya,nya_3659.png,235.48060825892858,64.0598464376753
nya,nya_3655.png,242.20842633928572,52.61954779712914
nya,nya_3660.png,235.48104671556123,57.794742856129844
nya,nya_3644.png,237.96536192602042,62.748902308268356
nya,nya_0467.png,252.41483912483912,20.50775208623534
nya,nya_3647.png,237.9640664859694,60.10356877117442
nya,nya_3723.png,240.8291613520408,55.118535584551275
pa,pa_3568.png,242.60214046556123,51.83017921137209
pa,pa_0665.png,254.03826007326006,12.416332498913306
pa,pa_0656.png,241.47396153846154,56.43497541599224
pa,pa_0652.png,253.71906318082787,14.222424160931126
pa,pa_3566.png,245.52525111607142,45.57196780016863
pa,pa_3576.png,242.18309550382654,52.592748813789015
pa,pa_0653.png,253.69642701525055,14.53630045117274
pa,pa_3578.png,243.53954081632654,44.564077264566045
pa,pa_3569.png,242.60114397321428,54.116236177171615
pa,pa_0696.png,253.73898809523808,14.232786448449223
pa,pa_0636.png,253.73460784313727,14.256138551271658
pa,pa_0683.png,253.88059523809522,13.476431088525876
pa,pa_0640.png,253.4884531590414,15.9434429875023
pa,pa_0681.png,253.9178649237473,13.521766806764774
pa,pa_3580.png,245.52556999362244,45.57178088339987
pa,pa_0692.png,253.73357298474946,14.214367109787876
pa,pa_0690.png,253.87790849673203,13.684859403341738
pa,pa_0661.png,253.58168597168597,15.148725810529278
pa,pa_0658.png,243.27753812636166,52.770661462127876
pa,pa_0638.png,253.7086928104575,15.0698626747676
pa,pa_3574.png,242.60002790178572,51.82341107171198
pa,pa_0668.png,254.38892156862744,9.974930085445951
pa,pa_0634.png,253.71307189542483,14.146249152099022
pa,pa_0675.png,170.11866013071895,9.630807070429976
pa,pa_0669.png,253.9363834422658,13.50032133858779
pa,pa_0679.png,253.98064270152506,12.67253415963129
pa,pa_3559.png,243.42034040178572,44.78422029162755
pa,pa_3608.png,245.62107382015307,45.34761668728367
pa,pa_3749.png,245.0051419005102,48.788890956523
pa,pa_3589.png,245.84602200255102,40.081528731223734
pa,pa_3745.png,245.0068957270408,46.77928314536635
pa,pa_0674.png,253.6105119825708,15.03852020426053
pa,pa_3598.png,241.90369897959184,55.48813466855884
pa,pa_3741.png,242.99364237882654,50.99568734499576
pa,pa_3751.png,243.29549984056123,50.303604237943496
pa,pa_3611.png,241.9035794005102,53.1765149236017
pa,pa_0639.png,253.68555555555557,14.474627808049297
pa,pa_3524.png,242.92273198341837,51.12783696314454
pa,pa_0657.png,253.71808236808238,14.400222360946222
pa,pa_3607.png,245.23531170280611,46.18031599624988
pa,pa_0682.png,254.09581680830973,12.11835431490855
pa,pa_3591.png,240.86258370535714,49.15901836193599
pa,pa_3555.png,243.41934390943877,50.16886654386948
pa,pa_3624.png,243.59127869897958,49.81960841040353
pa,pa_0710.png,253.69828139754486,14.665128091421929
pa,pa_3553.png,240.8614875637755,57.495391920112674
pa,pa_0632.png,236.6367261904762,65.42608149111615
pa,pa_0678.png,253.2461982570806,16.625015495657337
pa,pa_3735.png,245.36778539540816,47.9622710276522
pa,pa_0708.png,253.71282341831918,14.603209054560523
pa,pa_0670.png,253.93131808278866,13.205722648948765
pa,pa_0666.png,254.11233238904626,11.876507187847862
pa,pa_0688.png,254.4899782135076,9.28905274347094
pa,pa_0672.png,254.07071895424838,12.235280112834841
pa,pa_3585.png,243.53884327168367,49.90931993453523
pa,pa_3546.png,244.31935586734693,48.291315087851714
pa,pa_3540.png,243.1163703762755,50.61520902292363
pa,pa_3602.png,245.2354512117347,48.144978786678784
pa,pa_3601.png,241.90387834821428,53.17866575962321
pa,pa_0645.png,253.84285174693107,9.810224156735938
pa,pa_3563.png,240.86290258290816,55.10703072672614
pa,pa_3592.png,245.5244738520408,47.545038970958416
pa,pa_3614.png,241.90425701530611,47.44077353917374
pa,pa_3752.png,245.36752630739795,45.95710254554221
pa,pa_0643.png,253.99376906318082,12.779447362891583
pa,pa_3565.png,242.18239795918367,52.57632076533294
pa,pa_3625.png,235.3601522640306,65.20220289075495
pa,pa_0693.png,254.25314814814814,11.118630506385633
pa,pa_3554.png,243.41988201530611,50.18161172270297
pa,pa_3596.png,245.23640784438774,46.18982738721485
pa,pa_3756.png,243.27865911989795,52.43092854204589
pa,pa_3738.png,242.9932637117347,53.23482078523122
pa,pa_0709.png,253.73823529411766,13.970566551984087
pa,pa_3538.png,242.92309072066325,51.10674279487769
pa,pa_3523.png,243.6474011479592,49.70055016922367
pa,pa_3744.png,245.00552056760205,46.7550181025471
pa,pa_3571.png,242.60168207908163,51.8461679961243
pa,pa_3616.png,243.59353077168367,49.81338281889813
pa,pa_3525.png,242.39403300382654,52.17368840162056
pa,pa_3737.png,242.99410076530611,45.543481535954925
pa,pa_3572.png,242.18351403061226,46.94844335823375
pa,pa_0691.png,253.99029411764707,12.829813774257294
pa,pa_3560.png,243.41892538265307,50.16469173437011
pa,pa_0642.png,253.93073654390935,12.86546091431502
pa,pa_3743.png,245.36882174744898,45.940178620177484
pa,pa_3734.png,245.00534119897958,46.76577976531909
pa,pa_3579.png,245.84568319515307,46.750316345279316
pa,pa_3567.png,245.6218112244898,45.32268171362286
pa,pa_0655.png,253.9933660130719,12.540923407460314
pa,pa_0689.png,253.8448148148148,13.88703774533771
pa,pa_3573.png,242.60106425382654,51.83754247274399
pa,pa_0662.png,253.81937908496732,13.840989347110968
pa,pa_0695.png,254.04408496732026,12.668401406897726
pa,pa_0647.png,253.88750234741784,13.507891334909468
pa,pa_3535.png,243.1160514987245,50.62105309320624
pa,pa_3548.png,243.64768016581633,49.6966005515966
pa,pa_0635.png,254.0844662309368,12.498169386148156
pa,pa_3582.png,243.53902264030611,49.8932277526257
pa,pa_3552.png,244.31899713010205,43.10654277546421
pa,pa_0707.png,253.53579520697167,15.491601624164208
pa,pa_3600.png,245.61935985331633,45.3419206814462
pa,pa_0687.png,253.82444444444445,13.777073859310953
pa,pa_3529.png,235.35801977040816,66.92120080218027
pa,pa_0694.png,253.50313725490196,15.224228588901662
pa,pa_3537.png,244.3186184630102,50.43370953094581
pa,pa_0703.png,253.57183006535948,15.206954446416688
pa,pa_3564.png,243.41950334821428,52.35900285573345
pa,pa_3528.png,242.92195471938774,51.12768044535601
pa,pa_3606.png,245.23501275510205,46.20309922226196
pa,pa_3522.png,243.11736686862244,50.61012430777065
pa,pa_3584.png,243.5391222895408,49.90517938318517
pa,pa_0698.png,253.6537145969499,8.162125543711761
pa,pa_0673.png,253.92235294117648,13.070369511591865
pa,pa_0654.png,253.46083877995642,15.726534622587582
pa,pa_3542.png,242.92169563137756,51.11720237015735
pa,pa_0700.png,253.84244008714597,13.395985584339146
pa,pa_3551.png,243.11928013392858,45.277666305755126
pa,pa_3583.png,245.8458027742347,44.797508908084424
pa,pa_3755.png,243.28069196428572,45.02883074411215
pa,pa_3750.png,242.99154974489795,51.00247249492655
pa,pa_3547.png,242.39526865433675,46.608761268762564
pa,pa_3739.png,245.3682238520408,45.93786327951197
pa,pa_0704.png,253.81738562091502,13.696096422605589
pa,pa_3518.png,235.36208545918367,60.766416306648374
pa,pa_3748.png,245.36776546556123,41.057776900392355
pa,pa_0641.png,254.2894880174292,10.736064005309823
pa,pa_3550.png,244.88526387117346,49.06294855185132
pa,pa_3527.png,242.3945910395408,54.43508484107595
pa,pa_3532.png,243.6471619897959,44.37904133200422
pa,pa_3536.png,243.6482382015306,49.679167051753346
pa,pa_3604.png,245.6207350127551,47.31108389863667
pa,pa_0671.png,254.0347494553377,12.645981195843879
pa,pa_0705.png,253.99100217864924,13.004800759199949
pa,pa_3597.png,245.2361686862245,46.200020697932615
pa,pa_3605.png,241.9041972257653,53.16842734233133
pa,pa_0702.png,253.70921626984128,14.451107992234622
pa,pa_0667.png,241.23162309368192,56.85374214264747
pa,pa_3557.png,243.42141661352042,50.17165610427622
pa,pa_0648.png,170.31140522875816,8.568465045286922
pa,pa_3562.png,245.52347735969389,45.57265272258436
pa,pa_3561.png,240.86128826530611,55.101181817542376
pa,pa_0680.png,254.13949952785646,11.979477325501703
pa,pa_3623.png,244.88562260841837,47.0234656899855
pa,pa_3753.png,243.45563616071428,49.96520936576329
pa,pa_0699.png,254.00271241830066,12.81973743974698
pa,pa_3620.png,244.8854432397959,42.03652727656248
ra,ra_0122.png,253.9391973559962,13.258741835099345
ra,ra_2130.png,249.42751514668367,35.265166141851175
ra,ra_0079.png,254.43183191690275,9.754985599542985
ra,ra_2148.png,249.6553332270408,34.560501719652265
ra,ra_2114.png,247.91218909438774,41.34552249340318
ra,ra_2127.png,249.4271165497449,35.26603675942287
ra,ra_2171.png,243.04581871811226,52.95772202165494
ra,ra_0149.png,254.54666666666665,4.627073073234861
ra,ra_2157.png,248.69337930484693,39.01223389332528
ra,ra_0117.png,254.09375804375804,12.256335515388828
ra,ra_2181.png,248.88341039540816,36.959593589904884
ra,ra_0128.png,253.67346405228758,14.86340044370053
ra,ra_2215.png,250.80612244897958,32.01535100665607
ra,ra_0154.png,254.37678649237472,10.052032567423845
ra,ra_2134.png,247.91238839285714,35.51861489042549
ra,ra_2120.png,247.60491071428572,36.370638389424414
ra,ra_0082.png,254.2825396825397,10.887611857644034
ra,ra_2199.png,251.00326849489795,29.946697260581857
ra,ra_0125.png,254.1363833805477,11.862592753884826
ra,ra_0110.png,254.15935729847496,11.79782011643629
ra,ra_0121.png,254.11457516339868,11.923024218664501
ra,ra_2115.png,249.39871651785714,35.40965709120831
ra,ra_0114.png,254.1997494553377,11.667193356102702
ra,ra_2158.png,248.6936583227041,37.440554557851506
ra,ra_0126.png,254.5244989106754,8.888772202226283
ra,ra_2159.png,248.8801817602041,36.94895452119465
ra,ra_2177.png,251.0174784757653,29.92038079119958
ra,ra_0139.png,243.21286492374728,52.892780251046155
ra,ra_2150.png,249.65529336734693,34.564744166034636
ra,ra_0118.png,254.32075163398693,10.335944466710545
ra,ra_0156.png,253.87423747276688,13.470068113599167
ra,ra_0150.png,254.0720588235294,12.402997182792774
ra,ra_0092.png,254.07904139433552,12.770232132216893
ra,ra_2174.png,251.01785714285714,29.957004425645827
ra,ra_2123.png,248.2741549744898,38.79600799119045
ra,ra_0129.png,254.52920479302833,9.017310695440376
ra,ra_2192.png,248.27172353316325,38.67977078004775
ra,ra_0141.png,254.46737472766884,9.424725447079368
ra,ra_0090.png,254.05027233115467,12.677311915331364
ra,ra_0105.png,254.08108932461874,12.764293697052478
ra,ra_0116.png,254.22940797940797,11.255003636459604
ra,ra_0151.png,254.08728758169934,12.15223495614199
ra,ra_0140.png,253.73035947712418,14.436524948687886
ra,ra_2121.png,249.39825813137756,35.400258537520486
ra,ra_2178.png,251.01743861607142,31.20667588070694
ra,ra_2140.png,249.3981385522959,31.701692025926565
ra,ra_0115.png,254.03821350762527,12.632988400888577
ra,ra_2122.png,248.27389588647958,38.78624735744238
ra,ra_0130.png,254.32678649237474,10.785543525965341
ra,ra_2138.png,247.60427295918367,40.50527207175155
ra,ra_0137.png,254.38044444444444,10.22360632175468
ra,ra_2202.png,248.88380899234693,33.09900326577836
ra,ra_0147.png,253.45251633986928,16.087451306176508
ra,ra_0134.png,253.84152505446622,13.479527972546444
ra,ra_0146.png,254.01333333333332,12.62118843000218
ra,ra_2200.png,251.0032286352041,29.927634965052366
ra,ra_0086.png,253.71660130718953,14.874406342708802
ra,ra_0135.png,254.00014161220042,12.828585403924501
ra,ra_0145.png,254.275,11.008411630838799
ra,ra_0104.png,253.32450980392156,16.40778312210184
ra,ra_0081.png,253.72995642701525,14.620600420057364
ra,ra_2162.png,249.10333625637756,36.38261917054185
ra,ra_0120.png,254.0949358974359,11.983460365863161
ra,ra_0100.png,253.99226579520698,12.891530257595948
ra,ra_2198.png,245.48070790816325,45.87592519721424
ra,ra_2161.png,243.0451809630102,48.3809084679526
ra,ra_0143.png,242.19234204793028,55.179489339357644
ra,ra_0113.png,254.42538243626063,9.826605966251575
ra,ra_0102.png,254.22117647058823,11.168289430884002
ra,ra_2116.png,247.9129862882653,39.6613419385492
ra,ra_2203.png,248.27108577806123,38.703866107394184
ra,ra_0119.png,247.22665577342048,43.31938299496559
ra,ra_0089.png,254.04616071428572,12.524249579187966
ra,ra_0142.png,170.18350762527234,9.425080474188587
ra,ra_2204.png,251.00296954719389,26.861356941936993
ra,ra_0127.png,253.45462962962964,16.466878697401608
ra,ra_4116.png,248.81210140306123,37.15235769099885
ra,ra_4107.png,249.9500358737245,33.59694477569099
ra,ra_2221.png,245.48152503188774,47.58872848644064
ra,ra_4105.png,248.53523596938774,37.92935112119545
ra,ra_2126.png,249.39895567602042,35.39651704435229
ra,ra_2212.png,247.60403380102042,40.50752612568233
ra,ra_2144.png,249.3987962372449,35.399246690862604
ra,ra_2167.png,243.04637675382654,51.67380632458218
ra,ra_0094.png,253.46619047619046,15.855553574010655
ra,ra_2211.png,250.80666055484693,30.69807744770384
ra,ra_0095.png,247.17642701525054,43.48603970364994
ra,ra_4104.png,245.1627272002551,46.35029251256004
ra,ra_2153.png,248.87942442602042,38.52841633844839
ra,ra_4110.png,248.81180245535714,37.156110232833115
ra,ra_2196.png,248.2708665497449,40.33304423626521
ra,ra_0136.png,253.95979853479852,13.270084479156639
ra,ra_4113.png,248.53374123086735,39.56813080458345
ra,ra_0080.png,254.15791666666667,11.704608491762398
ra,ra_2172.png,249.10333625637756,36.38169778478702
ra,ra_2135.png,247.91274713010205,39.68731922035588
ra,ra_0112.png,244.63514102564102,49.65275310342159
ra,ra_4100.png,248.533203125,37.9363938106749
ra,ra_0101.png,254.08230936819172,12.454916551338492
ra,ra_2133.png,247.60554846938774,40.49918237969344
ra,ra_2214.png,248.67765465561226,37.51870079689066
ra,ra_2152.png,248.6941764987245,33.492397280418494
ra,ra_4108.png,245.15951849489795,46.33956940070378
ra,ra_2182.png,248.88382892219389,38.450010884646126
ra,ra_4112.png,248.81198182397958,33.268780371089235
ra,ra_2218.png,250.80464764030611,30.702543032785602
ra,ra_2151.png,248.87886639030611,36.96543243291189
ra,ra_2149.png,248.6935188137755,37.43917604792187
ra,ra_2194.png,251.00275031887756,29.950330115119325
ra,ra_2155.png,248.87872688137756,36.96094356361302
ra,ra_2136.png,249.4268176020408,36.72420451080493
ra,ra_4096.png,248.5330436862245,37.94850288804398
ra,ra_2216.png,248.67600047831633,37.53847349828749
ra,ra_4099.png,245.1609733737245,46.36614037823535
ra,ra_2145.png,249.65469547193877,34.56179743980549
ra,ra_0099.png,253.97218954248365,12.965456871794256
ra,ra_4094.png,248.8112244897959,37.144017173239774
ra,ra_0087.png,254.0398583569405,12.506013948150875
ra,ra_2169.png,243.04623724489795,51.69406274070692
ra,ra_2166.png,249.1034159757653,36.37894640913564
ra,ra_0138.png,253.83123093681917,13.809937795915673
ra,ra_2170.png,249.10395408163265,37.937880280721004
ra,ra_4101.png,249.9501355229592,33.60345085346102
ra,ra_2146.png,248.69391741071428,37.41743226833823
ra,ra_0103.png,254.23787535410764,11.27542502353363
ra,ra_2219.png,250.8062818877551,27.51075749847552
ra,ra_0088.png,254.44496732026144,9.758723249747531
ra,ra_2176.png,251.0166613520408,29.955159566329247
ra,ra_0152.png,253.78355119825707,14.273424412859057
ra,ra_4097.png,249.94967713647958,35.005356145028344
ra,ra_0085.png,253.92023965141613,13.098826634543508
ra,ra_0109.png,254.3123420479303,10.73566086101152
ra,ra_2187.png,249.61385921556123,34.702356949521324
ra,ra_2195.png,251.00304926658163,31.21549770520824
ra,ra_2163.png,243.04544005102042,51.672822299030386
ra,ra_4103.png,249.9494180484694,33.60329379828308
ra,ra_4095.png,245.16137197066325,41.56298919152457
ra,ra_4111.png,248.81257971938774,37.13297094877816
ra,ra_2125.png,247.91131218112244,39.689780119703045
ra,ra_2160.png,249.65485491071428,34.57805944555598
ra,ra_2180.png,249.61238440688774,34.6853701383284
ra,ra_2165.png,249.10333625637756,36.368655098736085
ra,ra_2183.png,251.0176777742347,26.820344176816217
ra,ra_2164.png,249.10395408163265,32.49665583741254
sa,sa_3233.png,241.01534598214286,54.79044104875557
sa,sa_1390.png,253.65531590413943,14.7944211302019
sa,sa_1407.png,253.4032679738562,15.99015799543706
sa,sa_1387.png,253.22529411764705,17.23628388638252
sa,sa_3212.png,239.88438695790816,56.83208467396325
sa,sa_1391.png,254.11127450980393,12.11343459643176
sa,sa_3196.png,233.43215880102042,68.12845096760377
sa,sa_1352.png,253.57553376906318,15.207715852392717
sa,sa_3237.png,244.1282884247449,48.643728852266044
sa,sa_3270.png,241.02439413265307,54.76103295101834
sa,sa_1417.png,254.23699633699633,11.103656022166508
sa,sa_3227.png,244.1282286352041,48.629544197912296
sa,sa_3266.png,246.04538026147958,46.25618013839219
sa,sa_1345.png,253.8037582625118,13.91984938275683
sa,sa_3245.png,243.78591358418367,51.496847559711796
sa,sa_1396.png,253.76724400871458,14.260522508254512
sa,sa_3224.png,241.01765784438774,54.78102250234165
sa,sa_1349.png,253.42381263616556,15.929780261801971
sa,sa_1401.png,247.34471677559912,42.74686682674722
sa,sa_1367.png,253.11522875816993,18.021276795010873
sa,sa_3214.png,242.5732421875,51.8656946325278
sa,sa_1353.png,253.68554466230935,14.530913488718896
sa,sa_1371.png,239.02355119825708,61.00827858055697
sa,sa_1372.png,253.98239651416122,12.880626529423518
sa,sa_3265.png,246.0461973852041,39.75986515672798
sa,sa_1416.png,253.82518518518518,14.083086230516516
sa,sa_1343.png,253.23057915057916,16.857197533207987
sa,sa_3259.png,244.21829161352042,50.51615638784599
sa,sa_1402.png,254.4326797385621,9.88711996412577
sa,sa_1414.png,253.71599128540305,14.585712158847508
sa,sa_3271.png,244.21745455994898,48.45985090668652
sa,sa_1368.png,253.8857734204793,13.747707362871603
sa,sa_3263.png,244.2191087372449,43.40574634009712
sa,sa_1392.png,252.98193899782135,18.29341407225389
sa,sa_1364.png,253.80368191721132,13.972546984431892
sa,sa_3216.png,242.57403938137756,54.14366786102984
sa,sa_3239.png,244.1279296875,48.640348748481266
sa,sa_1344.png,253.85346153846154,13.517805071527604
sa,sa_1366.png,253.81949008498583,13.861771185565994
sa,sa_1355.png,253.83780925401322,13.754435532071824
sa,sa_1348.png,254.0004466230937,12.71576354380864
sa,sa_1398.png,253.8843909348442,13.47120862207698
sa,sa_1413.png,253.3829302832244,16.443272078336424
sa,sa_1381.png,253.79874727668846,13.77863303372939
sa,sa_3198.png,233.43014588647958,70.00827483339182
sa,sa_1420.png,253.56174693106703,15.130398657023875
sa,sa_1362.png,253.965625,12.950026004533932
sa,sa_1350.png,253.4748366013072,15.526761587949716
sa,sa_1388.png,253.59474945533768,15.135704900853613
sa,sa_3291.png,238.95762914540816,58.419470221390455
sa,sa_1418.png,253.489651416122,15.762585029321613
sa,sa_1378.png,253.45751633986927,16.512082561563382
sa,sa_3211.png,239.8848254145408,56.85553311970915
sa,sa_3294.png,241.4801698022959,48.24047657286923
sa,sa_3292.png,241.47961176658163,53.96529377789232
sa,sa_3246.png,243.787109375,49.363266314046534
sa,sa_4181.png,242.41438137755102,52.16716581550025
sa,sa_1405.png,170.0232679738562,10.310400601440127
sa,sa_3280.png,244.05620216836735,48.876383857985104
sa,sa_3240.png,243.13293207908163,50.748580610427574
sa,sa_3234.png,241.0167012117347,48.96581326832742
sa,sa_3247.png,243.7868104272959,49.35503594694987
sa,sa_3276.png,243.04725366709184,50.85810823439571
sa,sa_3256.png,244.2181321747449,48.437750069990464
sa,sa_3298.png,241.47925302933675,53.975999574092114
sa,sa_1375.png,253.86684095860568,13.539278880031372
sa,sa_1403.png,253.40067538126362,16.558379049749682
sa,sa_3253.png,243.1328125,50.73463518603185
sa,sa_4176.png,242.4960339604592,51.89339121269388
sa,sa_1384.png,253.6834422657952,14.922915524744129
sa,sa_3225.png,241.01618303571428,54.78281068772028
sa,sa_3282.png,241.02311862244898,48.97687290637755
sa,sa_3238.png,243.1315768494898,50.75822679217872
sa,sa_3252.png,243.13454639668367,50.75391133744302
sa,sa_4168.png,242.49605389030611,51.88746262322613
sa,sa_4173.png,244.03979990433675,48.843923111560905
sa,sa_1383.png,253.55803921568628,15.18337181253198
sa,sa_3209.png,242.57463727678572,46.372623072964295
sa,sa_1412.png,244.6037908496732,49.961644883707216
sa,sa_3274.png,238.95679209183675,58.432574809715504
sa,sa_1365.png,253.00183006535948,17.424790672607635
sa,sa_4169.png,242.41551737882654,52.14124758213418
sa,sa_4175.png,244.0398397640306,50.97808132126531
sa,sa_3226.png,244.12862723214286,43.55711073664008
sa,sa_3206.png,244.4109335140306,48.087055998442054
sa,sa_3258.png,244.2179328762755,48.45194976700574
sa,sa_4179.png,242.49471859056123,54.093518550851414
sa,sa_3203.png,244.41081393494898,48.07152784288609
sa,sa_3199.png,233.4309630102041,68.13395297491867
sa,sa_3248.png,243.2101203762755,52.8233874519193
sa,sa_3287.png,243.04930644132654,50.84573672626927
sa,sa_4188.png,242.85481106505102,51.23675695674788
sa,sa_3235.png,241.01594387755102,57.1898417408528
sa,sa_4183.png,242.41511878188774,46.633347879650735
sa,sa_1363.png,253.9712962962963,12.908357802286856
sa,sa_3236.png,241.01614317602042,54.78128345648918
sa,sa_1419.png,253.60555555555555,14.976879962846624
sa,sa_1411.png,252.90477124183008,18.778227411814054
sa,sa_4180.png,242.41485969387756,54.47821145897302
sa,sa_1389.png,253.27433551198257,16.602860587208504
sa,sa_3250.png,243.13279257015307,52.979804623322316
sa,sa_3279.png,241.02439413265307,54.77156660678509
sa,sa_1376.png,253.74486263736264,14.367132380481298
sa,sa_3220.png,239.88560267857142,56.83196842896172
sa,sa_3241.png,243.20936304209184,50.60362235265099
sa,sa_3221.png,238.2692721619898,59.43159273684953
sa,sa_1346.png,253.1821568627451,17.27297307453994
sa,sa_1351.png,253.34533333333334,16.380845639442672
sa,sa_3222.png,242.5733418367347,51.86001867941301
sa,sa_1399.png,240.81330065359478,57.69786918505451
sa,sa_3242.png,243.78601323341837,44.21037149837917
sa,sa_3231.png,238.26827566964286,62.05900633657196
sa,sa_3275.png,244.05584343112244,43.77212394476878
sa,sa_3281.png,243.04739317602042,50.863090703524186
sa,sa_4187.png,242.85534917091837,51.22397534161479
sa,sa_4185.png,242.85560825892858,45.89557577799
sa,sa_1357.png,253.34692810457517,16.43655625826154
sa,sa_1379.png,253.46263616557735,15.527947200093392
sa,sa_3228.png,244.1277303890306,50.76335622257068
sa,sa_1377.png,253.9394814814815,13.08801418423338
sa,sa_3197.png,233.42982700892858,68.12762336400974
sa,sa_1382.png,253.74581699346405,14.148905010761279
sa,sa_1409.png,253.40395833333332,16.03354625038838
sa,sa_1404.png,253.6938888888889,14.682875391309341
sa,sa_3290.png,240.95982142857142,54.86734477047335
sa,sa_3257.png,246.04597815688774,44.35420901279461
sa,sa_3229.png,244.12882653061226,48.63786678264516
sa,sa_1358.png,238.53205128205127,61.86066807565693
sa,sa_3254.png,243.78497688137756,49.367937995107866
sa,sa_4171.png,242.49715003188774,46.56765559914017
sa,sa_3243.png,243.2108378507653,50.5980966217485
sa,sa_1408.png,253.57057734204793,15.2318261040514
sa,sa_3210.png,244.41131218112244,43.05812281039986
sa,sa_4182.png,242.41499920280611,52.16878664236811
sa,sa_1374.png,253.91403050108931,13.33655088984457
sa,sa_1397.png,253.55039215686276,15.405564059314626
sa,sa_3201.png,233.4297472895408,68.13307946250424
sa,sa_3295.png,240.95864556760205,54.87049107314527
sa,sa_3288.png,241.47997050382654,56.31005578598111
sa,sa_4170.png,242.49561543367346,51.88106389660331
sa,sa_3202.png,240.95742984693877,49.08637407206069
sa,sa_3272.png,244.05568399234693,48.87308025805558
sa,sa_4167.png,242.49350286989795,51.92383134014527
sa,sa_4184.png,242.85505022321428,51.242061430231395
sa,sa_1400.png,253.3144880174292,16.340960847708036
sa,sa_1380.png,253.67718954248366,14.888668116681638
sa,sa_3301.png,238.95852598852042,58.418499430106046
ta,ta_1815.png,240.6249003507653,55.52285236078365
ta,ta_1870.png,243.73674665178572,49.40746754591789
ta,ta_1884.png,241.9466477997449,52.96452280859776
ta,ta_0789.png,252.92328185328185,18.455100365822435
ta,ta_0772.png,253.8395238095238,13.833259515416518
ta,ta_0749.png,254.3341394335512,10.786809405798776
ta,ta_0720.png,253.5340631808279,15.723032203124696
ta,ta_0788.png,252.9756753812636,18.329253462591705
ta,ta_0721.png,169.7590305010893,11.389532189888936
ta,ta_0719.png,253.0131917211329,17.900221826751288
ta,ta_0773.png,253.41726156751653,15.879712514866629
ta,ta_0785.png,253.41241737488195,16.230077544561343
ta,ta_1807.png,239.37555803571428,51.45744496248742
ta,ta_1864.png,240.5270846619898,49.66769178872785
ta,ta_1868.png,243.26086176658163,52.720708892543904
ta,ta_0778.png,253.1642673992674,17.100728668201327
ta,ta_1801.png,241.00530133928572,48.90193255170199
ta,ta_0741.png,253.7018082788671,14.388852537299467
ta,ta_0775.png,234.13460784313725,69.14125256787365
ta,ta_0712.png,236.5749237472767,65.13473790091737
ta,ta_1855.png,241.71898915816325,47.76170599312389
ta,ta_0716.png,252.6464705882353,20.08607907259585
ta,ta_0784.png,253.7818300653595,14.143727099272802
ta,ta_0777.png,238.63439743589743,61.75138564952948
ta,ta_0769.png,253.89897603485838,13.808977339421107
ta,ta_1863.png,243.26211734693877,45.108098230822534
ta,ta_1797.png,241.00512197066325,54.80634275107978
ta,ta_1873.png,241.71875,55.79203184258237
ta,ta_0746.png,253.68391879131255,14.757356582790493
ta,ta_1880.png,243.73949697066325,49.39773637843426
ta,ta_0787.png,253.50773420479302,15.625024796046416
ta,ta_1883.png,243.73860012755102,44.23750739736229
ta,ta_1804.png,239.08715322066325,58.25900996829392
ta,ta_1796.png,239.08653539540816,51.873777928367296
ta,ta_1876.png,240.52915736607142,55.65626904004343
ta,ta_0752.png,253.72423747276687,14.774094854706009
ta,ta_1803.png,239.08683434311226,60.86542811858253
ta,ta_0713.png,232.4034126984127,71.82639907048699
ta,ta_1808.png,239.08743223852042,58.26168463561135
ta,ta_1829.png,243.2363879145408,50.50216642713673
ta,ta_1890.png,241.47498804209184,54.05746308706703
ta,ta_0743.png,253.09418300653596,17.67254054951166
ta,ta_1811.png,230.04948580994898,67.54299109943562
ta,ta_0767.png,253.69151416122006,14.994495355079588
ta,ta_1825.png,243.23646763392858,50.487397892668675
ta,ta_0770.png,242.7861111111111,53.46886652317456
ta,ta_1877.png,245.79300860969389,40.227358818955956
ta,ta_1862.png,245.7932278380102,44.96662987718278
ta,ta_0761.png,253.40321350762528,16.1765221802358
ta,ta_1886.png,243.73762356505102,49.404493987012565
ta,ta_0718.png,253.11592490842492,17.547317377020693
ta,ta_1839.png,238.4114915497449,52.88933829863538
ta,ta_0782.png,253.30060256410258,16.74764153762595
ta,ta_1853.png,239.29928651147958,57.80765399823106
ta,ta_0774.png,253.19294117647058,17.328628265977024
ta,ta_1832.png,240.9534239477041,54.8783252603595
ta,ta_1819.png,230.05030293367346,72.55236978566154
ta,ta_1892.png,241.94646843112244,52.98139545908593
ta,ta_0740.png,252.93575163398694,18.31272313377996
ta,ta_3912.png,238.24463887117346,59.499696874270796
ta,ta_1900.png,241.9451132015306,52.979959728632465
ta,ta_1817.png,238.41364397321428,59.33469896697407
ta,ta_1843.png,243.26062260841837,50.49684799400053
ta,ta_1841.png,240.95442044005102,49.04759716945191
ta,ta_3919.png,242.44870057397958,46.493988931492495
ta,ta_0725.png,253.71324618736384,14.428461302664449
ta,ta_3903.png,239.30713887117346,60.34387990949386
ta,ta_1830.png,230.0499641262755,72.54941793899066
ta,ta_1831.png,240.95434072066325,54.88067238493724
ta,ta_0734.png,252.81936819172114,19.0227013685441
ta,ta_0723.png,253.24909586056646,16.964736245252535
ta,ta_1847.png,237.24148995535714,61.1214623891222
ta,ta_0717.png,253.47925925925927,16.44118868239408
ta,ta_1894.png,241.47413105867346,48.5159655810029
ta,ta_1840.png,240.9543008609694,54.87276857662129
ta,ta_1826.png,238.4114317602041,61.94589392341086
ta,ta_1852.png,237.24065290178572,61.13896170721432
ta,ta_1844.png,239.29745296556123,57.82194240224232
ta,ta_0732.png,253.5047603485839,15.613078953867216
ta,ta_3921.png,239.30805564413265,57.77220075438149
ta,ta_0765.png,253.4972440087146,15.753595330114056
ta,ta_0733.png,253.79554466230937,14.00939833068767
ta,ta_1842.png,237.24083227040816,63.74362365927661
ta,ta_1827.png,243.23654735331633,45.14517871911137
ta,ta_1859.png,241.72122130102042,53.46494634016182
ta,ta_1814.png,243.23650749362244,50.47785532745312
ta,ta_1850.png,239.29904735331633,51.58019636697529
ta,ta_1896.png,241.00599888392858,54.81521988064206
ta,ta_0783.png,252.37307189542483,20.20845587422599
ta,ta_3913.png,242.6043925382653,46.25760141440293
ta,ta_0736.png,253.40556644880175,16.321859166826144
ta,ta_1881.png,245.79239078443877,44.96812494575273
ta,ta_3915.png,242.60261878188774,51.75559076448168
ta,ta_3906.png,239.30650111607142,57.78898227520413
ta,ta_1845.png,240.52808115433675,55.655797631351355
ta,ta_0731.png,253.72069135802468,14.454771915425107
ta,ta_3904.png,239.3083944515306,51.534659286597936
ta,ta_0748.png,254.1664010989011,11.698330915366519
ta,ta_3902.png,242.44796316964286,54.30339565563154
ta,ta_1861.png,245.79257015306123,44.97240355236716
ta,ta_1846.png,239.29886798469389,57.81425641562825
ta,ta_0711.png,253.50355051935787,15.362544023577051
ta,ta_3918.png,242.44977678571428,52.04012772011802
ta,ta_1851.png,243.26078204719389,50.47397649118087
ta,ta_1836.png,238.41214923469389,59.34696316331039
ta,ta_1903.png,241.94543207908163,52.98160016473149
ta,ta_3907.png,242.60395408163265,53.97436962892413
ta,ta_0730.png,253.43799564270154,15.925117891574535
ta,ta_0714.png,253.7123202614379,14.732544290890607
ta,ta_0779.png,252.92838779956426,18.25892422785483
ta,ta_1857.png,240.62531887755102,49.52014678610307
ta,ta_0750.png,252.66815904139435,19.747981372495556
ta,ta_0735.png,252.87200435729847,18.519372784025556
ta,ta_1875.png,243.26355229591837,50.48635208785486
ta,ta_1897.png,241.4735730229592,56.38019211933704
ta,ta_1885.png,238.4856106505102,59.17240974873452
ta,ta_1802.png,239.37342554209184,57.7319678559141
ta,ta_1833.png,238.41063456632654,59.34879646100909
ta,ta_0768.png,245.07520697167757,48.30205036436452
ta,ta_0747.png,253.39087145969498,16.317410122221208
ta,ta_1879.png,238.48246173469389,59.18245272532452
ta,ta_0744.png,253.645835694051,15.025153198730985
ta,ta_1902.png,241.00362723214286,54.80388078201404
ta,ta_1834.png,238.41280691964286,59.34849847108477
ta,ta_1821.png,240.95396205357142,57.219053490572335
ta,ta_3924.png,238.24529655612244,59.50054478405686
ta,ta_1838.png,237.24093191964286,61.120907336006375
ta,ta_0766.png,253.484126984127,15.828312049396848
ta,ta_0758.png,253.03053376906317,18.218157947990317
ta,ta_0753.png,253.21246187363835,17.79147801666881
ta,ta_0756.png,253.10671023965142,17.472604970970828
ta,ta_1816.png,240.62553810586735,55.501832301113396
ta,ta_1858.png,240.525390625,55.64972572529766
ta,ta_0759.png,252.93842047930283,17.87825777890055
ta,ta_3917.png,238.2443000637755,62.139656271766
ta,ta_3909.png,242.60435267857142,51.75304419157395
ta,ta_0745.png,252.26910675381265,21.440108095572274
ta,ta_0757.png,253.131875,17.544397193214245
ta,ta_3920.png,242.44975685586735,52.05186634540335
ta,ta_0751.png,239.3081045751634,60.55220470163505
ta,ta_0726.png,252.84528638497653,18.690043490296038
ta,ta_1848.png,239.29962531887756,57.80283382942098
ta,ta_1806.png,239.3740832270408,60.274783407858436
ta,ta_0760.png,253.12910675381264,17.775007492515265
ta,ta_3911.png,239.30841438137756,57.80064968995452
tha,tha_1005.png,253.49338779956426,15.520238381418638
tha,tha_2544.png,235.7501594387755,60.30411872060198
tha,tha_1026.png,236.15318452380953,66.05162495731399
tha,tha_0988.png,253.77098039215687,14.06125917954052
tha,tha_0955.png,253.0480936819172,17.888870417639854
tha,tha_2633.png,241.64178093112244,55.9862466046962
tha,tha_2569.png,240.5908203125,55.61784129938423
tha,tha_0956.png,254.12495061728396,12.09389825480442
tha,tha_2606.png,243.64742107780611,44.507012856010725
tha,tha_2574.png,240.5048230229592,55.66476716262327
tha,tha_0970.png,253.48744008714596,16.496724940176975
tha,tha_2549.png,243.32152822066325,52.37354710546311
tha,tha_2638.png,242.36850286989795,46.744722956940294
tha,tha_2623.png,235.74836575255102,64.6778822563378
tha,tha_2550.png,241.38071986607142,54.135984715595605
tha,tha_3992.png,244.09723772321428,43.61785906583649
tha,tha_0989.png,253.82928104575163,13.940574350025715
tha,tha_0953.png,253.75110021786492,14.165628523622207
tha,tha_0977.png,253.6554248366013,15.024727040477789
tha,tha_0948.png,253.54391067538126,15.964418836978647
tha,tha_0990.png,253.56199404761904,15.212232898359552
tha,tha_2620.png,235.7487244897959,64.68095080446801
tha,tha_1018.png,253.961671388102,12.94208477417123
tha,tha_2605.png,242.20031489158163,52.67110942061641
tha,tha_1004.png,253.61547930283226,15.134410791993638
tha,tha_2579.png,242.52228156887756,51.95733666740391
tha,tha_0999.png,238.04700435729848,62.71417509551294
tha,tha_0995.png,253.7745860566449,14.506039801847724
tha,tha_3979.png,245.34779575892858,48.00647128668813
tha,tha_0973.png,253.744825708061,14.39785959878298
tha,tha_1012.png,253.01385620915033,17.88509876675372
tha,tha_2585.png,242.52339764030611,46.492268833513315
tha,tha_0978.png,252.89333333333335,19.4507683983282
tha,tha_3984.png,242.75316884566325,51.46286485212553
tha,tha_2628.png,241.64373405612244,53.661289846789096
tha,tha_2545.png,243.3234414859694,45.05939113917841
tha,tha_2562.png,243.3236009247449,50.25635745535111
tha,tha_2613.png,243.6466438137755,49.714431034835265
tha,tha_2630.png,243.43273676658163,52.401114999668195
tha,tha_3996.png,242.81381536989795,51.3574635255024
tha,tha_1011.png,253.3333551198257,16.543008800073007
tha,tha_2588.png,243.48130580357142,50.05191152149527
tha,tha_2624.png,243.43263711734693,44.85436510248633
tha,tha_3978.png,245.34763632015307,46.01488067848249
tha,tha_0960.png,253.37425925925925,16.282150221811573
tha,tha_2577.png,240.50568000637756,49.78776432044668
tha,tha_3990.png,244.09753667091837,48.70932136862732
tha,tha_2611.png,242.3693000637755,52.225165679792475
tha,tha_0993.png,253.4974945533769,15.475754958776257
tha,tha_3977.png,245.3479551977041,46.024763545497024
tha,tha_2589.png,241.48391661352042,53.915488342638504
tha,tha_2584.png,242.52258051658163,51.978277375101854
tha,tha_0968.png,253.81417211328977,13.979448408304322
tha,tha_2622.png,243.32240513392858,50.24078332624267
tha,tha_2547.png,240.50424505739795,55.67114914758955
tha,tha_2646.png,242.7344347895408,53.69593536424034
tha,tha_1024.png,170.0988017429194,9.964517588153265
tha,tha_1016.png,237.38958974358974,63.83524719098574
tha,tha_1021.png,253.65868131868132,14.849368325050762
tha,tha_0998.png,253.92115079365078,13.183039588905821
tha,tha_2560.png,242.16587611607142,52.77923690086217
tha,tha_2595.png,240.0943678252551,50.41918594534081
tha,tha_2546.png,240.50538105867346,55.66116553679151
tha,tha_1003.png,253.35227182539683,16.413029624837502
tha,tha_0962.png,253.6812087912088,14.673885453067284
tha,tha_2551.png,242.16545758928572,55.06096248401629
tha,tha_2582.png,240.09301259566325,56.564190009955084
tha,tha_2604.png,242.1999362244898,54.98498828352427
tha,tha_0949.png,253.65154684095862,14.838247581476736
tha,tha_0984.png,242.52361655773421,54.50233018537013
tha,tha_3995.png,242.81756218112244,51.358567800626304
tha,tha_2607.png,242.3678651147959,52.208655423084764
tha,tha_2586.png,242.5245735012755,51.96519883311796
tha,tha_2564.png,240.58998325892858,55.60204391261675
tha,tha_2642.png,242.73471380739795,51.50722140761136
tha,tha_2645.png,241.64114317602042,53.66797000952383
tha,tha_2573.png,241.38221460459184,56.5031964256892
tha,tha_2583.png,242.52068718112244,51.96954565892047
tha,tha_2627.png,235.7469706632653,64.66994911571557
tha,tha_2587.png,240.0958027742347,56.538828073809825
tha,tha_0950.png,253.05694989106755,17.768261423346466
tha,tha_2557.png,242.16653380102042,47.158889159531476
tha,tha_2558.png,243.8458027742347,49.281695046726796
tha,tha_3985.png,244.09556361607142,48.71107501554999
tha,tha_1015.png,253.73747276688454,14.404431921202926
tha,tha_2636.png,245.83735251913265,44.81934703518658
tha,tha_0974.png,253.6608605664488,14.855442351244422
tha,tha_0957.png,254.04753812636164,12.783476085310669
tha,tha_2618.png,242.36858258928572,54.44773340281445
tha,tha_3981.png,242.7532286352041,46.09261791176374
tha,tha_0986.png,253.82735294117646,14.008289141456196
tha,tha_0994.png,254.1595695970696,11.605609394246514
tha,tha_3983.png,244.09614158163265,48.71941417977818
tha,tha_0985.png,253.81939484126985,13.944176219032581
tha,tha_3974.png,242.75279017857142,51.45502319363739
tha,tha_2540.png,245.83468191964286,46.733421755685804
tha,tha_2626.png,243.43237802933675,50.18078933493111
tha,tha_3991.png,242.81672512755102,45.896686498682826
tha,tha_1010.png,243.29527233115468,52.39981626431222
tha,tha_0967.png,253.3016557734205,16.613728524082784
tha,tha_1019.png,252.7195,19.219527976707333
tha,tha_3975.png,245.3478555484694,41.22433844687134
tha,tha_1023.png,253.34453024453023,16.609658586800133
tha,tha_2647.png,242.73491310586735,46.128979549620695
tha,tha_2629.png,235.74790736607142,66.40977830966897
tha,tha_2572.png,241.38207509566325,54.13972016949029
tha,tha_0983.png,253.68252723311548,14.678634293564366
tha,tha_0981.png,253.67418300653594,14.89391272685229
tha,tha_2614.png,243.6468431122449,51.88288606073001
tha,tha_2575.png,243.3200135522959,50.2477349947043
tha,tha_1009.png,253.39166666666668,16.359937858107312
tha,tha_1025.png,241.6022440087146,56.24724716940855
tha,tha_2596.png,240.09335140306123,56.55312153441182
tha,tha_2581.png,240.09317203443877,56.5307127920239
tha,tha_3989.png,245.34859295280611,46.01652705420684
tha,tha_2559.png,243.84376992984693,49.28147228616415
tha,tha_0958.png,253.605896713615,14.809479484426875
tha,tha_2570.png,241.38315130739795,48.39905463167829
tha,tha_2568.png,240.50490274234693,55.681782241622116
tha,tha_2619.png,243.6481385522959,49.71579801740679
tha,tha_3988.png,242.81534996811226,51.358517790900315
tha,tha_2602.png,243.48246173469389,44.83828398705896
tha,tha_2554.png,243.32059151785714,50.24817573442196
tha,tha_0951.png,253.91520697167755,13.329524771035565
tha,tha_0997.png,253.54936819172113,15.591765836818693
tha,tha_2576.png,243.84528459821428,51.42049205361645
tha,tha_1014.png,253.48712936732767,15.836831318983789
tha,tha_0987.png,253.74035947712417,14.479016620988576
tha,tha_3993.png,244.09582270408163,50.79773207489937
tha,tha_2601.png,243.4818040497449,50.03626701825066
tha,tha_1008.png,253.42160130718955,16.1168418130975
tha,tha_0954.png,240.7945642701525,57.817247832488796
tha,tha_1007.png,254.04691721132897,12.748401979214774
tha,tha_1006.png,253.6792265795207,14.939459230619617
tha,tha_0963.png,253.8097276688453,13.967231146341593
tha,tha_0972.png,251.88083097261568,23.619985233391485
tha,tha_2591.png,241.48321906887756,53.90826395055869
tha,tha_1020.png,253.3624945533769,16.513368278566464
tha,tha_0982.png,253.42783224400873,16.402869816596844
tha,tha_2590.png,241.48122608418367,53.92651225871718
tha,tha_2593.png,243.48042889030611,50.0672074585622
tha,tha_0969.png,254.10919389978213,12.287030837479934
tha,tha_2600.png,243.48054846938774,50.05469764372055
tha,tha_2598.png,240.09357063137756,59.059447754433215
tha,tha_0980.png,253.6061850802644,15.127937543587555
tha,tha_2594.png,243.64704241071428,49.717624820733
wa,wa_0298.png,240.45046840958605,58.451333012475224
wa,wa_2766.png,243.9102160395408,49.06658441241241
wa,wa_2767.png,242.5849011479592,46.37456945338039
wa,wa_0299.png,253.52145969498912,15.353194626302535
wa,wa_2793.png,241.57218590561226,48.03241129415371
wa,wa_0284.png,254.14003703703705,11.977944010333228
wa,wa_2774.png,233.8494100765306,62.86856476964746
wa,wa_0257.png,253.6157625272331,14.875021023629198
wa,wa_2855.png,242.1605149872449,52.625110056626326
wa,wa_2782.png,242.5858378507653,51.80110729822828
wa,wa_0277.png,253.8137599206349,13.827040563473775
wa,wa_0247.png,170.095697167756,9.975744166813481
wa,wa_0283.png,253.79108932461872,13.91318535419126
wa,wa_2777.png,243.91234853316325,49.068265964326386
wa,wa_2858.png,247.29966517857142,41.2487902367765
wa,wa_2801.png,243.5894850127551,49.7611526965322
wa,wa_0274.png,253.34864923747276,16.850606271782592
wa,wa_2784.png,242.5856385522959,51.80992237654252
wa,wa_0293.png,253.5999150141643,15.127158786381399
wa,wa_2806.png,243.3717115752551,50.2879757474031
wa,wa_2860.png,242.32368064413265,54.64429563470755
wa,wa_0292.png,253.26661220043573,16.47467775888796
wa,wa_0261.png,252.70383442265796,18.77846186931659
wa,wa_2802.png,240.99715003188774,54.75750741216908
wa,wa_0275.png,242.45156862745097,54.581527303765874
wa,wa_0290.png,253.83833805476866,13.650199093518996
wa,wa_0313.png,238.0769063180828,62.619978178833506
wa,wa_0308.png,253.38318681318682,16.541627457069357
wa,wa_2764.png,233.84616151147958,67.50033327356358
wa,wa_0238.png,253.56246187363834,15.55663973005778
wa,wa_2863.png,242.32248485331633,52.35393060312844
wa,wa_0306.png,253.8168772893773,13.724341726161002
wa,wa_3947.png,243.2327806122449,50.525323720906314
wa,wa_0312.png,254.06050108932462,12.55837436268887
wa,wa_2838.png,244.44866071428572,47.96192506747673
wa,wa_0249.png,253.7928649237473,14.285585589209655
wa,wa_0286.png,253.90005446623093,13.262483328898893
wa,wa_2792.png,245.09269371811226,48.722698865682716
wa,wa_0246.png,253.4045533769063,16.96596609128256
wa,wa_0242.png,254.0298148148148,12.499115174283274
wa,wa_2862.png,242.16137197066325,52.59216854273206
wa,wa_2788.png,245.09255420918367,46.65277258402801
wa,wa_3944.png,243.23343829719389,50.512147208858714
wa,wa_3943.png,243.2327208227041,50.53190639027754
wa,wa_2839.png,244.0148078762755,51.00264747423547
wa,wa_2842.png,243.46843112244898,50.04903765487334
wa,wa_2848.png,243.46841119260205,50.04124732246962
wa,wa_0270.png,253.44762527233115,15.878056610445215
wa,wa_2779.png,243.6198182397959,49.73003843744666
wa,wa_2849.png,244.44604990433675,42.87998320805283
wa,wa_2831.png,243.57007334183675,49.82107727213298
wa,wa_0258.png,253.4719063180828,15.615095744257701
wa,wa_3936.png,243.01520647321428,50.921789903449785
wa,wa_0305.png,253.69616473616475,14.436515735375783
wa,wa_0273.png,253.33788671023964,16.47405943639766
wa,wa_0256.png,253.89579520697168,13.53854546310403
wa,wa_0297.png,253.94203703703704,13.032275410933725
wa,wa_0239.png,253.2693137254902,16.554710496296014
wa,wa_2847.png,247.29823022959184,41.23997474100004
wa,wa_0268.png,253.41678649237474,16.063310992561252
wa,wa_0281.png,241.03696078431372,57.39911160449603
wa,wa_0307.png,253.9200762527233,13.541950715760459
wa,wa_2821.png,243.04773198341837,45.470997577939876
wa,wa_2843.png,244.0159837372449,48.86401893582803
wa,wa_3933.png,244.6661750637755,47.47298935644842
wa,wa_2824.png,247.2987284757653,41.23460243286567
wa,wa_0252.png,253.28960784313725,16.583815799426457
wa,wa_3948.png,243.23208306760205,45.141904938612434
wa,wa_2822.png,243.57043207908163,49.81472711046496
wa,wa_2795.png,241.5728834502551,53.790479882123265
wa,wa_0285.png,253.58553376906318,15.211777482280901
wa,wa_0311.png,234.5299007936508,68.7638786769947
wa,wa_0245.png,252.35572984749456,21.26430501108789
wa,wa_2769.png,243.91258769132654,49.061965544017646
wa,wa_0251.png,253.86468409586055,13.637361816660338
wa,wa_0244.png,253.43843137254902,16.03570091569092
wa,wa_2816.png,240.99858498086735,54.76527285061272
wa,wa_3927.png,243.01574457908163,50.928542775774
wa,wa_3935.png,244.66555723852042,47.48505838692796
wa,wa_0310.png,253.68636165577342,14.74068581691046
wa,wa_2780.png,243.61983816964286,51.918605545828186
wa,wa_0295.png,253.51424836601308,15.470980411485327
wa,wa_2856.png,242.1613321109694,52.60536359412044
wa,wa_2826.png,242.69604990433675,51.61305102756264
wa,wa_0291.png,253.77613289760347,14.22624546361593
wa,wa_2866.png,242.15913982780611,52.600716201923106
wa,wa_0259.png,253.85752596789425,13.748315838760044
wa,wa_0301.png,254.3919597069597,9.801285396668536
wa,wa_0278.png,253.50845136921623,15.699431142754392
wa,wa_2789.png,245.09223533163265,46.6555674165466
wa,wa_2778.png,243.62057557397958,44.40652321456218
wa,wa_3931.png,239.78158880739795,59.31390745164513
wa,wa_2805.png,243.37547831632654,50.28834744552485
wa,wa_2859.png,242.32316246811226,52.35920308000821
wa,wa_2790.png,243.6209941007653,49.73198365036357
wa,wa_2850.png,244.0155253507653,48.88597372306819
wa,wa_2794.png,241.5714883609694,56.17200402706669
wa,wa_0271.png,253.4479193899782,15.592759549071415
wa,wa_2803.png,243.3738241390306,50.28991388012587
wa,wa_2765.png,233.84644052933675,69.31764581756383
wa,wa_3940.png,239.78182796556123,56.90638898049012
wa,wa_0260.png,253.6934655335222,14.494729359605431
wa,wa_3928.png,244.66557716836735,49.53932154846217
wa,wa_0314.png,253.94364494806422,12.918656555017526
wa,wa_0269.png,253.68031590413943,14.66472255045775
wa,wa_2818.png,243.04665577168367,50.89674831984467
wa,wa_0272.png,253.62874727668844,15.047642689152376
wa,wa_2815.png,240.99924266581633,48.8771546128546
wa,wa_2796.png,243.37380420918367,52.517975718814334
wa,wa_2804.png,243.37450175382654,44.883225606889965
wa,wa_2809.png,243.5877311862245,49.730536210766836
wa,wa_2797.png,243.58834901147958,49.7388869875814
wa,wa_0296.png,240.9697435897436,57.41052532317547
wa,wa_2813.png,244.44676737882654,47.962520123203035
wa,wa_2825.png,243.5700135522959,52.01291447831505
wa,wa_2810.png,243.04809072066325,50.87073864536151
wa,wa_0294.png,253.51403050108934,15.991664471117565
wa,wa_2820.png,243.5868144132653,51.89890067420814
wa,wa_0265.png,253.66876984126984,14.817830611876525
wa,wa_2799.png,243.58852838010205,49.74972133327655
wa,wa_2770.png,243.9139030612245,49.05546795382931
wa,wa_3930.png,239.7832629145408,56.94240300976819
wa,wa_3929.png,239.78459821428572,50.85369340884408
wa,wa_0240.png,253.60503267973857,14.914724660856857
wa,wa_0237.png,253.77331154684097,14.02025169749489
wa,wa_0302.png,253.61545751633986,15.303951056114025
wa,wa_2811.png,243.04753268494898,50.87466342138811
wa,wa_3941.png,244.66645408163265,42.46999563981435
wa,wa_2807.png,240.99750876913265,54.77531518877585
wa,wa_2771.png,241.57106983418367,53.804897986084455
wa,wa_2844.png,243.46886957908163,44.70794749796816
wa,wa_2827.png,242.6981823979592,51.60859590650787
wa,wa_3945.png,243.23224250637756,50.52173950951675
wa,wa_0303.png,253.19252252252252,17.33072834186525
wa,wa_0262.png,253.71554466230936,14.373960895575234
wa,wa_2808.png,240.99762834821428,54.76474332017829
wa,wa_3939.png,243.01518654336735,50.92078737579518
wa,wa_2833.png,242.6960299744898,53.88889783741874
wa,wa_2834.png,242.6960299744898,46.10739525829022
wa,wa_2840.png,244.4463488520408,47.96523091091594
wa,wa_2869.png,243.6198182397959,49.73604227241645
wa,wa_2814.png,244.44672751913265,47.958701209860344
wa,wa_0266.png,252.6494008714597,12.864286992108696
wa,wa_0282.png,253.97226579520697,12.910689272093537
wa,wa_3942.png,243.232421875,52.720311379821034
wa,wa_0243.png,253.59275117370893,15.37906411919194
wa,wa_0276.png,253.94385620915034,12.786337273023051
ya,ya_0328.png,253.4955991285403,15.600401586239322
ya,ya_4144.png,243.95071348852042,49.048314420883386
ya,ya_4143.png,235.50665656887756,56.83305174299752
ya,ya_3403.png,239.0876315369898,58.19626037010015
ya,ya_4157.png,235.50422512755102,63.81545026814712
ya,ya_3353.png,243.80564413265307,51.438722538286335
ya,ya_0365.png,253.38706971677558,16.064824851633404
ya,ya_0391.png,253.22875816993465,16.83348737340747
ya,ya_0352.png,253.86917211328975,13.788138139179802
ya,ya_3342.png,239.14086415816325,58.13727761010095
ya,ya_3344.png,227.97134088010205,75.19778803911905
ya,ya_3400.png,239.08731265943877,58.207089430324174
ya,ya_0335.png,253.2382679738562,16.885465564410204
ya,ya_3402.png,239.08894690688774,51.848215829024554
ya,ya_4151.png,235.50456393494898,66.5535164716672
ya,ya_0350.png,253.07143790849673,17.58673293970009
ya,ya_0375.png,253.26918300653594,16.814763982455442
ya,ya_0360.png,253.01882352941178,18.382071719678937
ya,ya_3306.png,239.4735730229592,51.28192699488546
ya,ya_3395.png,235.71729512117346,56.5379271433075
ya,ya_4159.png,239.8151705994898,56.96054131014959
ya,ya_3307.png,240.6728515625,55.4046212111095
ya,ya_3309.png,240.07397959183675,56.454935527827104
ya,ya_3341.png,241.30626195790816,54.26680949322152
ya,ya_0330.png,236.3677559912854,65.48629923380274
ya,ya_3349.png,241.3057637117347,48.42801523602372
ya,ya_3389.png,239.626953125,59.69111628052173
ya,ya_0336.png,253.3569063180828,16.14648842530003
ya,ya_0344.png,253.7368148148148,14.550221846436614
ya,ya_3380.png,238.58145328443877,61.624788347156546
ya,ya_3348.png,239.13695790816325,58.14425407066852
ya,ya_4161.png,239.81463249362244,56.95872553487501
ya,ya_4147.png,243.95085299744898,49.05262371418688
ya,ya_3366.png,227.97205835459184,75.2006609399666
ya,ya_3346.png,241.30514588647958,54.25403815309799
ya,ya_3371.png,241.3311144770408,54.081623163218765
ya,ya_3320.png,240.07403938137756,56.45626156186025
ya,ya_0338.png,252.7289651416122,19.54277454297533
ya,ya_3367.png,227.97351323341837,69.96230276496736
ya,ya_0351.png,253.59513071895424,15.164174622325366
ya,ya_3314.png,240.67155612244898,55.400555997651246
ya,ya_3379.png,238.58169244260205,59.01929588536282
ya,ya_3330.png,240.63675860969389,55.522126618248116
ya,ya_3343.png,239.13737643494898,58.13236835843946
ya,ya_3318.png,242.5998684630102,54.05624918872814
ya,ya_0374.png,253.04188453159043,17.832637563232552
ya,ya_3362.png,242.6007852359694,51.80907499747379
ya,ya_0369.png,253.5687037037037,15.341932330845248
ya,ya_0370.png,253.5451463644948,15.33938229677959
ya,ya_3332.png,239.5183553890306,51.2231094473949
ya,ya_0318.png,253.77166666666668,14.489114276460791
ya,ya_3398.png,236.2802734375,62.77223769175007
ya,ya_3365.png,242.59819435586735,51.81431133830559
ya,ya_3304.png,239.47500797193877,57.47600269054676
ya,ya_0364.png,252.88350762527233,18.388031957960557
ya,ya_3399.png,236.27987484056123,62.77244806379496
ya,ya_3333.png,241.46711575255102,53.98146939650079
ya,ya_0363.png,253.12725490196078,17.61213293923339
ya,ya_0341.png,253.29461873638346,16.4025675967305
ya,ya_4149.png,240.6422193877551,55.49014500477403
ya,ya_0319.png,233.44996031746032,70.30823262886965
ya,ya_3387.png,235.7196667729592,63.56684323865497
ya,ya_0356.png,253.14837690631808,17.360180301790216
ya,ya_0376.png,254.04828139754486,12.536805921450965
ya,ya_4158.png,235.5056002869898,63.807682991061554
ya,ya_0326.png,253.20880174291938,17.085498727163365
ya,ya_3336.png,240.6347058354592,57.96605529713353
ya,ya_3374.png,241.33163265306123,54.06332458389916
ya,ya_4145.png,243.95079320790816,51.162479617002866
ya,ya_0384.png,253.40228758169934,15.979797812303186
ya,ya_0373.png,254.2369934640523,11.511890211128348
ya,ya_3324.png,240.07244499362244,58.92832008578166
ya,ya_0372.png,253.8834706959707,13.309899564452312
ya,ya_3339.png,241.46886957908163,48.1328775718414
ya,ya_0380.png,253.85406593406594,13.588464859618027
ya,ya_3334.png,240.63498485331633,55.537352436864666
ya,ya_0348.png,253.4451984126984,15.914287804040704
ya,ya_0331.png,253.55478213507627,15.129476956978737
ya,ya_3364.png,240.67325015943877,55.401115876066754
ya,ya_0355.png,253.550348583878,15.30320757840844
ya,ya_0321.png,253.60478213507625,15.523050574405195
ya,ya_0345.png,253.51497821350762,15.238834765864217
ya,ya_3337.png,239.5174186862245,57.47261208184546
ya,ya_0385.png,253.2538779956427,16.798235953471828
ya,ya_0362.png,253.48229847494554,15.678102221582492
ya,ya_3345.png,239.1370774872449,58.1438798304648
ya,ya_0339.png,252.69523965141613,19.39664995886308
ya,ya_0353.png,253.2381808278867,16.93530531728092
ya,ya_3319.png,242.60014748086735,51.80099196571998
ya,ya_3373.png,238.5818319515306,52.58220756354946
ya,ya_4155.png,240.64323580994898,49.50265051095639
ya,ya_3409.png,239.5173190369898,57.455391995104875
ya,ya_0381.png,253.6676298394712,14.605273225690437
ya,ya_3351.png,243.806640625,49.298752001311286
ya,ya_0393.png,252.99260256410255,18.002593378590355
ya,ya_0325.png,253.80476034858387,14.304590316974027
ya,ya_3335.png,239.5183952487245,57.46844447689893
ya,ya_4160.png,239.8142538265306,59.460447518916794
ya,ya_0386.png,253.22374727668844,17.084152931379244
ya,ya_3396.png,236.27993463010205,62.76109050192345
ya,ya_0382.png,253.8383852691218,13.711823287396454
ya,ya_3329.png,241.4674744897959,56.3586618605209
ya,ya_0361.png,253.7017261904762,14.618858804111637
ya,ya_0316.png,253.37319176319176,16.166331203690664
ya,ya_0337.png,253.2732676056338,16.463346710484107
ya,ya_3360.png,240.67287149234693,49.434042317750574
ya,ya_3378.png,238.54334741709184,59.0788569496391
ya,ya_0340.png,253.6494880174292,14.82280619909299
ya,ya_3361.png,242.60034677933675,51.797184835308975
ya,ya_3350.png,241.30743781887756,54.26075213652311
ya,ya_0323.png,253.31530689329557,16.26581269939279
ya,ya_4163.png,240.64198022959184,55.47168961972824
ya,ya_3383.png,235.7165377869898,63.56935021760357
ya,ya_0390.png,236.49055128205129,65.32682676616945
ya,ya_3322.png,243.80662069515307,49.29311672876893
ya,ya_0378.png,253.57981481481482,15.052114696229612
ya,ya_0377.png,254.2293137254902,11.409528428580142
ya,ya_0392.png,253.6421677559913,14.80899103060053
ya,ya_3305.png,240.07387994260205,56.44802535489696
ya,ya_4156.png,235.54934630102042,63.76443692486932
ya,ya_3388.png,239.62753109056123,57.18849355257828
ya,ya_0347.png,253.78877242681776,14.095522648649064
ya,ya_0354.png,253.989375,12.624618342740154
ya,ya_3328.png,241.46641820790816,53.982094384747164
ya,ya_3347.png,243.8063815369898,44.08462906753508
ya,ya_0317.png,253.1036036036036,17.914521043949748
ya,ya_3384.png,239.62719228316325,57.194157402663556
ya,ya_0371.png,252.54607843137254,19.780913064323816
ya,ya_3382.png,235.72006536989795,63.554665858764416
ya,ya_3311.png,239.47488839285714,57.5048284282085
ya,ya_3317.png,238.5826490752551,59.014430358675256
ya,ya_3310.png,239.47516741071428,57.48250570205153
ya,ya_0357.png,236.7656753812636,64.88689207380037
ya,ya_3355.png,239.13839285714286,51.798045599248105
ya,ya_0389.png,252.9344989106754,17.796433371942292
ya,ya_3358.png,227.97377232142858,75.19284113973217
ya,ya_4152.png,240.6432955994898,55.48475996040276
ya,ya_4164.png,239.81730309311226,56.95144423548279
ya,ya_0322.png,169.7950762527233,11.455660935879939
ya,ya_0349.png,253.1933660130719,16.934975140385298
ya,ya_3354.png,241.30608258928572,56.57358337677439
ya,ya_3406.png,241.4668965242347,53.96431249244579
ya,ya_3390.png,241.33258928571428,48.33415607966435
ya,ya_4146.png,243.95069355867346,43.83442019476325
ya,ya_0324.png,253.993954248366,12.872223411756687
ya,ya_0387.png,253.54626062322947,15.480734735867438
ya,ya_3356.png,239.13731664540816,60.68976919142791
